"series","label","time","fitted"
"total","Total (S + V)",0.5,134307774.990028
"total","Total (S + V)",0.509478613825001,133830633.574834
"total","Total (S + V)",0.51913691589009,133337246.924602
"total","Total (S + V)",0.528978312586138,132827162.478191
"total","Total (S + V)",0.539006274879748,132299922.848539
"total","Total (S + V)",0.549224339537423,131755066.44775
"total","Total (S + V)",0.559636110372956,131192128.177887
"total","Total (S + V)",0.570245259518458,130610640.190971
"total","Total (S + V)",0.581055528719484,130010132.721637
"total","Total (S + V)",0.592070730654712,129390134.995892
"total","Total (S + V)",0.603294750280637,128750176.219339
"total","Total (S + V)",0.614731546201758,128089786.648163
"total","Total (S + V)",0.626385152066743,127408498.746006
"total","Total (S + V)",0.638259677991054,126705848.429718
"total","Total (S + V)",0.650359312006548,125981376.406733
"total","Total (S + V)",0.662688321538555,125234629.606549
"total","Total (S + V)",0.675251054910959,124465162.708477
"total","Total (S + V)",0.68805194287981,123672539.767433
"total","Total (S + V)",0.70109550019601,122856335.939094
"total","Total (S + V)",0.714386327197618,122016139.305239
"total","Total (S + V)",0.727929111432352,121151552.799501
"total","Total (S + V)",0.741728629310839,120262196.233069
"total","Total (S + V)",0.755789747791209,119347708.41919
"total","Total (S + V)",0.770117426095625,118407749.394434
"total","Total (S + V)",0.784716717459354,117442002.733805
"total","Total (S + V)",0.799592770912993,116450177.95578
"total","Total (S + V)",0.814750833098487,115432013.012264
"total","Total (S + V)",0.830196250119565,114387276.857267
"total","Total (S + V)",0.84593446942726,113315772.086858
"total","Total (S + V)",0.861971041741176,112217337.641614
"total","Total (S + V)",0.878311623007174,111091851.561325
"total","Total (S + V)",0.894961976392164,109939233.780275
"total","Total (S + V)",0.911927974316726,108759448.949799
"total","Total (S + V)",0.929215600526254,107552509.273274
"total","Total (S + V)",0.946830952201364,106318477.336996
"total","Total (S + V)",0.964780242108314,105057468.918767
"total","Total (S + V)",0.983069800790186,103769655.754321
"total","Total (S + V)",1.00170607879961,102455268.240074
"total","Total (S + V)",1.0206956489738,101114598.049074
"total","Total (S + V)",1.04004520875277,99748000.6354729
"total","Total (S + V)",1.05976158254139,98355897.6014052
"total","Total (S + V)",1.07985172411635,96938778.8988682
"total","Total (S + V)",1.10032271907867,95497204.8380245
"total","Total (S + V)",1.12118178735272,94031807.8724363
"total","Total (S + V)",1.1424362857326,92543294.1310364
"total","Total (S + V)",1.16409371047686,91032444.6662321
"total","Total (S + V)",1.1861616999523,89500116.3874471
"total","Total (S + V)",1.20864803732801,87947242.6496853
"total","Total (S + V)",1.23156065332037,86374833.4673639
"total","Total (S + V)",1.25490762899015,84783975.3247791
"total","Total (S + V)",1.27869719859264,83175830.5561354
"total","Total (S + V)",1.30293775248178,81551636.270139
"total","Total (S + V)",1.32763784006936,79912702.7967405
"total","Total (S + V)",1.35280617284031,78260411.6367185
"total","Total (S + V)",1.37845162742517,76596212.8984429
"total","Total (S + V)",1.40458324873079,74921622.210329
"total","Total (S + V)",1.43121025313036,73238217.1021772
"total","Total (S + V)",1.45834203171397,71547632.8537652
"total","Total (S + V)",1.48598815360074,69851557.8146747
"total","Total (S + V)",1.51415836931375,68151728.2053358
"total","Total (S + V)",1.54286261421899,66449922.4156073
"total","Total (S + V)",1.57211101202942,64747954.8237747
"total","Total (S + V)",1.60191387837554,63047669.1655687
"total","Total (S + V)",1.6322817244436,61350931.4895687
"total","Total (S + V)",1.66322526068281,59659622.7420416
"total","Total (S + V)",1.69475540058281,57975631.0307541
"total","Total (S + V)",1.72688326452273,56300843.6234603
"total","Total (S + V)",1.75962018369327,54637138.7424536
"total","Total (S + V)",1.79297770409308,52986377.2216791
"total","Total (S + V)",1.82696759060095,51350394.0972621
"total","Total (S + V)",1.86160183112515,49730990.2058259
"total","Total (S + V)",1.89689264083145,48129923.8675211
"total","Total (S + V)",1.93285246645131,46548902.7321641
"total","Total (S + V)",1.9694939906717,44989575.8672288
"total","Total (S + V)",2.00683013660817,43453526.1655606
"total","Total (S + V)",2.04487407236274,41942263.1485825
"total","Total (S + V)",2.08363921566811,40457216.2374193
"total","Total (S + V)",2.12313923862,38999728.5597941
"total","Total (S + V)",2.16338807249917,37571051.3548215
"total","Total (S + V)",2.20439991268484,36172339.0309954
"total","Total (S + V)",2.24618922366125,34804644.9248694
"total","Total (S + V)",2.28877074411918,33468917.7992849
"total","Total (S + V)",2.33215949215411,32165999.1106695
"total","Total (S + V)",2.37637077056299,30896621.0650969
"total","Total (S + V)",2.42142017224137,29661405.4726417
"total","Total (S + V)",2.46732358568286,28460863.3993046
"total","Total (S + V)",2.51409720058287,27295395.6056008
"total","Total (S + V)",2.56175751354855,26165293.7510292
"total","Total (S + V)",2.61032133391699,25070742.3342437
"total","Total (S + V)",2.65980578968372,24011821.3300246
"total","Total (S + V)",2.71022833354354,22988509.4762568
"total","Total (S + V)",2.76160674904602,22000688.1572015
"total","Total (S + V)",2.81395915686747,21048145.8235074
"total","Total (S + V)",2.86730402120201,20130582.8847454
"total","Total (S + V)",2.9216601562737,19247617.0067945
"total","Total (S + V)",2.97704673297213,18398788.744206
"total","Total (S + V)",3.03348328561378,17583567.4366925
"total","Total (S + V)",3.09098971883163,16801357.2991122
"total","Total (S + V)",3.14958631459534,16051503.6356595
"total","Total (S + V)",3.20929373936446,15333299.1113614
"total","Total (S + V)",3.27013305137732,14645990.0172931
"total","Total (S + V)",3.33212570807808,13988782.4700448
"total","Total (S + V)",3.39529357368454,13360848.4907638
"total","Total (S + V)",3.45965892689947,12761331.9144177
"total","Total (S + V)",3.52524446876806,12189354.0856255
"total","Total (S + V)",3.59207333068441,11644019.3033605
"total","Total (S + V)",3.6601690825497,11124419.9828816
"total","Total (S + V)",3.72955574108509,10629641.5093014
"total","Total (S + V)",3.80025777830222,10158766.7631046
"total","Total (S + V)",3.87230013013418,9710880.30361956
"total","Total (S + V)",3.94570820523027,9285072.20180798
"total","Total (S + V)",4.02050789391731,8880441.5187198
"total","Total (S + V)",4.09672557733093,8496099.43050317
"total","Total (S + V)",4.17438813671998,8131172.00492446
"total","Total (S + V)",4.25352296292725,7784802.63791966
"total","Total (S + V)",4.33415796604998,7456154.16175676
"total","Total (S + V)",4.41632158528346,7144410.63894112
"total","Total (S + V)",4.5000427989513,6848778.85805623
"total","Total (S + V)",4.58535113472577,6568489.54932424
"total","Total (S + V)",4.67227668004196,6302798.33882157
"total","Total (S + V)",4.76085009270932,6050986.46103332
"total","Total (S + V)",4.85110261172434,5812361.24981054
"total","Total (S + V)",4.94306606828832,5586256.42785295
"total","Total (S + V)",5.03677289703386,5372032.21461335
"total","Total (S + V)",5.1322561474643,5169075.27205507
"total","Total (S + V)",5.2295494956099,4976798.50702781
"total","Total (S + V)",5.32868725590514,4794640.74820126
"total","Total (S + V)",5.429704393291,4622066.31454413
"total","Total (S + V)",5.53263653554683,4458564.49129355
"total","Total (S + V)",5.63751998585592,4303648.92825474
"total","Total (S + V)",5.74439173560923,4156856.97413045
"total","Total (S + V)",5.85328947745197,4017748.95942716
"total","Total (S + V)",5.96425161857738,3885907.4393392
"total","Total (S + V)",6.07731729427265,3760936.40688964
"total","Total (S + V)",6.19252638172148,3642460.48552103
"total","Total (S + V)",6.30991951406842,3530124.1092908
"total","Total (S + V)",6.4295380947498,3423590.69784192
"total","Total (S + V)",6.55142431209634,3322541.83239676
"total","Total (S + V)",6.67562115421251,3226676.43816254
"total","Total (S + V)",6.80217242413809,3135709.97774438
"total","Total (S + V)",6.93112275529704,3049373.65943507
"total","Total (S + V)",7.06251762723933,2967413.66359039
"total","Total (S + V)",7.19640338168105,2889590.3897023
"total","Total (S + V)",7.33282723884883,2815677.72624778
"total","Total (S + V)",7.47183731413383,2745462.34491496
"total","Total (S + V)",7.61348263506165,2678743.02038804
"total","Total (S + V)",7.75781315858385,2615329.97650317
"total","Total (S + V)",7.90487978869731,2555044.2592668
"total","Total (S + V)",8.05473439439755,2497717.13695105
"total","Total (S + V)",8.20742982797245,2443189.52724343
"total","Total (S + V)",8.36301994364274,2391311.4512284
"total","Total (S + V)",8.52155961655589,2341941.51380996
"total","Total (S + V)",8.68310476214,2294946.41004665
"total","Total (S + V)",8.84771235582472,2250200.45675765
"total","Total (S + V)",9.01544045313582,2207585.14866978
"total","Total (S + V)",9.18634821017096,2166988.73830572
"total","Total (S + V)",9.36049590446336,2128305.83876304
"total","Total (S + V)",9.53794495624119,2091437.04849676
"total","Total (S + V)",9.71875795008985,2056288.59719586
"total","Total (S + V)",9.90299865702498,2022772.01183187
"total","Total (S + V)",10.0907320569839,1990803.80195587
"total","Total (S + V)",10.2820243617433,1960305.16332534
"total","Total (S + V)",10.4769430382717,1931201.69895506
"total","Total (S + V)",10.6755568325244,1903423.15670338
"total","Total (S + V)",10.8779357936891,1876903.18252753
"total","Total (S + V)",11.0841512988921,1851579.08856643
"total","Total (S + V)",11.2942760783723,1827391.63523785
"total","Total (S + V)",11.508384241132,1804284.82656629
"total","Total (S + V)",11.7265513010748,1782205.71798903
"total","Total (S + V)",11.9488542036387,1761104.2359201
"total","Total (S + V)",12.1753713529338,1740933.00838374
"total","Total (S + V)",12.4061826393947,1721647.20606198
"total","Total (S + V)",12.6413694679572,1703204.39313255
"total","Total (S + V)",12.8810147867691,1685564.3873054
"total","Total (S + V)",13.1252031164449,1668689.12849704
"total","Total (S + V)",13.3740205798759,1652542.55561215
"total","Total (S + V)",13.6275549326044,1637090.49093106
"total","Total (S + V)",13.8858955937747,1622300.53163021
"total","Total (S + V)",14.14913367767,1608141.94798962
"total","Total (S + V)",14.4173620258479,1594585.58786761
"total","Total (S + V)",14.6906752398844,1581603.78704783
"total","Total (S + V)",14.9691697147392,1569170.28508729
"total","Total (S + V)",15.252943672753,1557260.14631694
"total","Total (S + V)",15.5420971982901,1545849.68566742
"total","Total (S + V)",15.8367322730365,1534916.39901307
"total","Total (S + V)",16.1369528119686,1524438.89774656
"total","Total (S + V)",16.4428647000024,1514396.84731444
"total","Total (S + V)",16.7545758293386,1504770.90946113
"total","Total (S + V)",17.0721961375146,1495542.687945
"total","Total (S + V)",17.3958376461789,1486694.67750521
"total","Total (S + V)",17.7256145006,1478210.21587245
"total","Total (S + V)",18.0616430099241,1470073.43862987
"total","Total (S + V)",18.4040416881963,1462269.23674314
"total","Total (S + V)",18.7529312961596,1454783.21659052
"total","Total (S + V)",19.1084348838457,1447601.66233455
"total","Total (S + V)",19.470677833974,1440711.50048749
"total","Total (S + V)",19.8397879061725,1434100.26653241
"total","Total (S + V)",20.2158952820376,1427756.07347063
"total","Total (S + V)",20.5991326110478,1421667.58217475
"total","Total (S + V)",20.989635057348,1415823.97343477
"total","Total (S + V)",21.3875403474207,1410214.9215915
"total","Total (S + V)",21.7929888186603,1404830.56965906
"total","Total (S + V)",22.2061234688696,1399661.50584434
"total","Total (S + V)",22.6270900066931,1394698.7413773
"total","Total (S + V)",23.056036903007,1389933.68957189
"total","Total (S + V)",23.4931154432842,1385358.14604227
"total","Total (S + V)",23.9384797809503,1380964.27000417
"total","Total (S + V)",24.3922869917528,1376744.56659567
"total","Total (S + V)",24.8546971291596,1372691.87015598
"total","Total (S + V)",25.325873280809,1368799.32840474
"total","Total (S + V)",25.8059816260284,1365060.38746819
"total","Total (S + V)",26.2951914944448,1361468.77770178
"total","Total (S + V)",26.7936754257054,1358018.50026241
"total","Total (S + V)",27.3016092303308,1354703.81438592
"total","Total (S + V)",27.8191720517216,1351519.22532899
"total","Total (S + V)",28.3465464293406,1348459.47293656
"total","Total (S + V)",28.883918363093,1345519.52079873
"total","Total (S + V)",29.4314773789262,1342694.54596325
"total","Total (S + V)",29.9894165956744,1339979.92917184
"total","Total (S + V)",30.5579327931694,1337371.24559064
"total","Total (S + V)",31.137226481643,1334864.25600676
"total","Total (S + V)",31.7275019724452,1332454.89846497
"total","Total (S + V)",32.3289674501027,1330139.28031972
"total","Total (S + V)",32.9418350457439,1327913.67067971
"total","Total (S + V)",33.5663209119149,1325774.49322317
"total","Total (S + V)",34.2026452988151,1323718.3193637
"total","Total (S + V)",34.851032631977,1321741.86174745
"total","Total (S + V)",35.511711591419,1319841.96806388
"total","Total (S + V)",36.1849151922988,1318015.61515305
"total","Total (S + V)",36.8708808670953,1316259.9033938
"total","Total (S + V)",37.5698505493489,1314572.05135772
"total","Total (S + V)",38.2820707589895,1312949.39071509
"total","Total (S + V)",39.0077926892812,1311389.36137938
"total","Total (S + V)",39.747272295416,1309889.50687806
"total","Total (S + V)",40.5007703847868,1308447.46993791
"total","Total (S + V)",41.2685527089717,1307060.98827385
"total","Total (S + V)",42.0508900574618,1305727.89057081
"total","Total (S + V)",42.8480583531663,1304446.092649
"total","Total (S + V)",43.6603387497279,1303213.59380309
"total","Total (S + V)",44.4880177306827,1302028.47330687
"total","Total (S + V)",45.3313872105006,1300888.88707483
"total","Total (S + V)",46.1907446375405,1299793.06447318
"total","Total (S + V)",47.0663930989575,1298739.30527271
"total","Total (S + V)",47.9586414275989,1297725.97673676
"total","Total (S + V)",48.8678043109267,1296751.5108375
"total","Total (S + V)",49.7942024020047,1295814.40159459
"total","Total (S + V)",50.7381624325898,1294913.2025301
"total","Total (S + V)",51.7000173283672,1294046.52423421
"total","Total (S + V)",52.6801063263702,1293213.03203654
"total","Total (S + V)",53.6787750946255,1292411.44377794
"total","Total (S + V)",54.6963758540676,1291640.52767814
"total","Total (S + V)",55.7332675027633,1290899.10029472
"total","Total (S + V)",56.7898157424917,1290186.02456925
"total","Total (S + V)",57.8663932077238,1289500.20795645
"total","Total (S + V)",58.9633795970471,1288840.6006326
"total","Total (S + V)",60.0811618070819,1288206.19377966
"total","Total (S + V)",61.2201340689354,1287596.01794151
"total","Total (S + V)",62.3806980872439,1287009.14144917
"total","Total (S + V)",63.5632631818498,1286444.66891181
"total","Total (S + V)",64.7682464321651,1285901.73977064
"total","Total (S + V)",65.9960728242712,1285379.52691292
"total","Total (S + V)",67.247175400807,1284877.23534328
"total","Total (S + V)",68.5219954136998,1284394.10091
"total","Total (S + V)",69.8209824797897,1283929.38908364
"total","Total (S + V)",71.1445947394059,1283482.39378595
"total","Total (S + V)",72.493299017948,1283052.43626665
"total","Total (S + V)",73.867570990531,1282638.86402608
"total","Total (S + V)",75.2678953497511,1282241.04978188
"total","Total (S + V)",76.694765976633,1281858.39047751
"total","Total (S + V)",78.1486861148157,1281490.3063311
"total","Total (S + V)",79.6301685480428,1281136.23992269
"total","Total (S + V)",81.1397357810161,1280795.65531846
"total","Total (S + V)",82.6779202236779,1280468.03723005
"total","Total (S + V)",84.2452643789869,1280152.89020782
"total","Total (S + V)",85.842321034254,1279849.73786644
"total","Total (S + V)",87.4696534561049,1279558.12214148
"total","Total (S + V)",89.1278355891392,1279277.60257568
"total","Total (S + V)",90.8174522583545,1279007.75563374
"total","Total (S + V)",92.5390993754094,1278748.1740444
"total","Total (S + V)",94.2933841487951,1278498.46616861
"total","Total (S + V)",96.080925297993,1278258.25539288
"total","Total (S + V)",97.90235327169,1278027.17954654
"total","Total (S + V)",99.7583104701324,1277804.89034217
"total","Total (S + V)",101.649451471694,1277591.05283805
"total","Total (S + V)",103.576443263741,1277385.3449219
"total","Total (S + V)",105.539965477869,1277187.45681486
"total","Total (S + V)",107.540710629607,1276997.09059504
"total","Total (S + V)",109.579384362655,1276813.95973979
"total","Total (S + V)",111.656705697765,1276637.78868591
"total","Total (S + V)",113.773407286327,1276468.31240707
"total","Total (S + V)",115.93023566877,1276305.27600784
"total","Total (S + V)",118.127951537862,1276148.43433352
"total","Total (S + V)",120.367330006993,1275997.55159529
"total","Total (S + V)",122.649160883559,1275852.40100986
"total","Total (S + V)",124.97424894751,1275712.76445328
"total","Total (S + V)",127.343414235197,1275578.43212819
"total","Total (S + V)",129.757492328582,1275449.202244
"total","Total (S + V)",132.217334649948,1275324.88070948
"total","Total (S + V)",134.723808762184,1275205.28083737
"total","Total (S + V)",137.277798674764,1275090.22306032
"total","Total (S + V)",139.880205155532,1274979.53465797
"total","Total (S + V)",142.531946048395,1274873.04949453
"total","Total (S + V)",145.233956597032,1274770.60776648
"total","Total (S + V)",147.987189774753,1274672.05576015
"total","Total (S + V)",150.792616620597,1274577.24561852
"total","Total (S + V)",153.651226581813,1274486.03511715
"total","Total (S + V)",156.564027862827,1274398.28744868
"total","Total (S + V)",159.532047780824,1274313.87101567
"total","Total (S + V)",162.556333128076,1274232.65923139
"total","Total (S + V)",165.637950541134,1274154.5303284
"total","Total (S + V)",168.777986877022,1274079.36717429
"total","Total (S + V)",171.977549596559,1274007.05709474
"total","Total (S + V)",175.237767154951,1273937.49170323
"total","Total (S + V)",178.559789399785,1273870.56673732
"total","Total (S + V)",181.944787976574,1273806.18190128
"total","Total (S + V)",185.393956741977,1273744.24071472
"total","Total (S + V)",188.908512184869,1273684.65036698
"total","Total (S + V)",192.489693855381,1273627.32157726
"total","Total (S + V)",196.138764802077,1273572.16845991
"total","Total (S + V)",199.85701201742,1273519.10839504
"total","Total (S + V)",203.645746891684,1273468.06190405
"total","Total (S + V)",207.506305675464,1273418.95252986
"total","Total (S + V)",211.440049950965,1273371.70672181
"total","Total (S + V)",215.448367112213,1273326.25372494
"total","Total (S + V)",219.532670854381,1273282.52547346
"total","Total (S + V)",223.69440167238,1273240.45648841
"total","Total (S + V)",227.935027368915,1273199.98377905
"total","Total (S + V)",232.256043572157,1273161.04674821
"total","Total (S + V)",236.658974263243,1273123.58710116
"total","Total (S + V)",241.145372313768,1273087.54875793
"total","Total (S + V)",245.716820033464,1273052.87776907
"total","Total (S + V)",250.374929728273,1273019.52223456
"total","Total (S + V)",255.121344268986,1272987.43222584
"total","Total (S + V)",259.957737670667,1272956.55971079
"total","Total (S + V)",264.88581568307,1272926.85848164
"total","Total (S + V)",269.907316392231,1272898.28408553
"total","Total (S + V)",275.024010833479,1272870.79375779
"total","Total (S + V)",280.237703616066,1272844.34635777
"total","Total (S + V)",285.55023355963,1272818.90230705
"total","Total (S + V)",290.963474342731,1272794.42353006
"total","Total (S + V)",296.479335163682,1272770.87339699
"total","Total (S + V)",302.099761413901,1272748.21666875
"total","Total (S + V)",307.826735364036,1272726.41944419
"total","Total (S + V)",313.662276863089,1272705.44910922
"total","Total (S + V)",319.608444050801,1272685.27428788
"total","Total (S + V)",325.667334083535,1272665.86479532
"total","Total (S + V)",331.841083873926,1272647.19159254
"total","Total (S + V)",338.131870844548,1272629.22674284
"total","Total (S + V)",344.541913695869,1272611.94336995
"total","Total (S + V)",351.073473188769,1272595.31561773
"total","Total (S + V)",357.728852941886,1272579.31861145
"total","Total (S + V)",364.510400244079,1272563.92842049
"total","Total (S + V)",371.4205068823,1272549.12202247
"total","Total (S + V)",378.461609985147,1272534.8772688
"total","Total (S + V)",385.636192882422,1272521.17285143
"total","Total (S + V)",392.946785980974,1272507.98827099
"total","Total (S + V)",400.395967657152,1272495.30380604
"total","Total (S + V)",407.986365166172,1272483.10048356
"total","Total (S + V)",415.720655568724,1272471.3600505
"total","Total (S + V)",423.601566675149,1272460.06494648
"total","Total (S + V)",431.631878007507,1272449.19827745
"total","Total (S + V)",439.814421779894,1272438.74379044
"total","Total (S + V)",448.152083897329,1272428.68584918
"total","Total (S + V)",456.647804973594,1272419.00941071
"total","Total (S + V)",465.304581368353,1272409.70000285
"total","Total (S + V)",474.125466243942,1272400.74370253
"total","Total (S + V)",483.113570642191,1272392.12711498
"total","Total (S + V)",492.272064581661,1272383.8373536
"total","Total (S + V)",501.604178175672,1272375.86202077
"total","Total (S + V)",511.113202771541,1272368.1891892
"total","Total (S + V)",520.802492111403,1272360.80738415
"total","Total (S + V)",530.675463515047,1272353.70556621
"total","Total (S + V)",540.735599085173,1272346.87311479
"total","Total (S + V)",550.986446935491,1272340.29981224
"total","Total (S + V)",561.431622442113,1272333.97582853
"total","Total (S + V)",572.074809518658,1272327.89170658
"total","Total (S + V)",582.919761915535,1272322.03834806
"total","Total (S + V)",593.970304543854,1272316.40699982
"total","Total (S + V)",605.230334824432,1272310.98924075
"total","Total (S + V)",616.703824062386,1272305.77696922
"total","Total (S + V)",628.394818847764,1272300.76239094
"total","Total (S + V)",640.307442482744,1272295.93800728
"total","Total (S + V)",652.445896435879,1272291.29660409
"total","Total (S + V)",664.814461823924,1272286.83124086
"total","Total (S + V)",677.417500921735,1272282.53524039
"total","Total (S + V)",690.259458700804,1272278.40217875
"total","Total (S + V)",703.344864396963,1272274.42587572
"total","Total (S + V)",716.678333107796,1272270.60038547
"total","Total (S + V)",730.264567420345,1272266.91998777
"total","Total (S + V)",744.108359069663,1272263.37917932
"total","Total (S + V)",758.214590628816,1272259.97266562
"total","Total (S + V)",772.58823723092,1272256.69535297
"total","Total (S + V)",787.234368323821,1272253.5423409
"total","Total (S + V)",802.158149458041,1272250.50891482
"total","Total (S + V)",817.364844108622,1272247.59053897
"total","Total (S + V)",832.859815531498,1272244.78284964
"total","Total (S + V)",848.648528655068,1272242.08164864
"total","Total (S + V)",864.736552007622,1272239.48289702
"total","Total (S + V)",881.129559681309,1272236.98270904
"total","Total (S + V)",897.833333333333,1272234.57734634
"spore","Spore (S)",0.5,87147.3945793529
"spore","Spore (S)",0.509478613825001,87206.6181808355
"spore","Spore (S)",0.51913691589009,87268.6716377194
"spore","Spore (S)",0.528978312586138,87333.6905315365
"spore","Spore (S)",0.539006274879748,87401.8169735405
"spore","Spore (S)",0.549224339537423,87473.1999222405
"spore","Spore (S)",0.559636110372956,87547.9955166386
"spore","Spore (S)",0.570245259518458,87626.3674259666
"spore","Spore (S)",0.581055528719484,87708.4872167601
"spore","Spore (S)",0.592070730654712,87794.5347381538
"spore","Spore (S)",0.603294750280637,87884.6985263233
"spore","Spore (S)",0.614731546201758,87979.1762290514
"spore","Spore (S)",0.626385152066743,88078.1750514468
"spore","Spore (S)",0.638259677991054,88181.9122238951
"spore","Spore (S)",0.650359312006548,88290.6154933802
"spore","Spore (S)",0.662688321538555,88404.523639369
"spore","Spore (S)",0.675251054910959,88523.887015524
"spore","Spore (S)",0.68805194287981,88648.9681185587
"spore","Spore (S)",0.70109550019601,88780.0421856313
"spore","Spore (S)",0.714386327197618,88917.3978217379
"spore","Spore (S)",0.727929111432352,89061.3376586379
"spore","Spore (S)",0.741728629310839,89212.1790469279
"spore","Spore (S)",0.755789747791209,89370.2547829553
"spore","Spore (S)",0.770117426095625,89535.9138723504
"spore","Spore (S)",0.784716717459354,89709.5223320396
"spore","Spore (S)",0.799592770912993,89891.4640326947
"spore","Spore (S)",0.814750833098487,90082.1415836641
"spore","Spore (S)",0.830196250119565,90281.9772625296
"spore","Spore (S)",0.84593446942726,90491.413991529
"spore","Spore (S)",0.861971041741176,90710.9163631832
"spore","Spore (S)",0.878311623007174,90940.9717175739
"spore","Spore (S)",0.894961976392164,91182.0912738148
"spore","Spore (S)",0.911927974316726,91434.8113183667
"spore","Spore (S)",0.929215600526254,91699.6944529489
"spore","Spore (S)",0.946830952201364,91977.3309049036
"spore","Spore (S)",0.964780242108314,92268.3399029645
"spore","Spore (S)",0.983069800790186,92573.3711214844
"spore","Spore (S)",1.00170607879961,92893.1061962586
"spore","Spore (S)",1.0206956489738,93228.2603151739
"spore","Spore (S)",1.04004520875277,93579.5838869764
"spore","Spore (S)",1.05976158254139,93947.8642915225
"spore","Spore (S)",1.07985172411635,94333.927714918
"spore","Spore (S)",1.10032271907867,94738.6410729807
"spore","Spore (S)",1.12118178735272,95162.9140264669
"spore","Spore (S)",1.1424362857326,95607.7010914813
"spore","Spore (S)",1.16409371047686,96074.0038484365
"spore","Spore (S)",1.1861616999523,96562.8732528336
"spore","Spore (S)",1.20864803732801,97075.4120510028
"spore","Spore (S)",1.23156065332037,97612.7773037493
"spore","Spore (S)",1.25490762899015,98176.1830206037
"spore","Spore (S)",1.27869719859264,98766.9029070538
"spore","Spore (S)",1.30293775248178,99386.2732267294
"spore","Spore (S)",1.32763784006936,100035.695780027
"spore","Spore (S)",1.35280617284031,100716.641000045
"spore","Spore (S)",1.37845162742517,101430.651166002
"spore","Spore (S)",1.40458324873079,102179.343733423
"spore","Spore (S)",1.43121025313036,102964.414779402
"spore","Spore (S)",1.45834203171397,103787.642560039
"spore","Spore (S)",1.48598815360074,104650.891175791
"spore","Spore (S)",1.51415836931375,105556.114338884
"spore","Spore (S)",1.54286261421899,106505.359235109
"spore","Spore (S)",1.57211101202942,107500.77047024
"spore","Spore (S)",1.60191387837554,108544.594088949
"spore","Spore (S)",1.6322817244436,109639.181651409
"spore","Spore (S)",1.66322526068281,110786.994349762
"spore","Spore (S)",1.69475540058281,111990.607143265
"spore","Spore (S)",1.72688326452273,113252.712887154
"spore","Spore (S)",1.75962018369327,114576.126426119
"spore","Spore (S)",1.79297770409308,115963.788618676
"spore","Spore (S)",1.82696759060095,117418.770253715
"spore","Spore (S)",1.86160183112515,118944.275814986
"spore","Spore (S)",1.89689264083145,120543.647043395
"spore","Spore (S)",1.93285246645131,122220.366240571
"spore","Spore (S)",1.9694939906717,123978.059250353
"spore","Spore (S)",2.00683013660817,125820.498047658
"spore","Spore (S)",2.04487407236274,127751.602856595
"spore","Spore (S)",2.08363921566811,129775.443711862
"spore","Spore (S)",2.12313923862,131896.241369372
"spore","Spore (S)",2.16338807249917,134118.36746392
"spore","Spore (S)",2.20439991268484,136446.343803561
"spore","Spore (S)",2.24618922366125,138884.840682464
"spore","Spore (S)",2.28877074411918,141438.67408649
"spore","Spore (S)",2.33215949215411,144112.801658816
"spore","Spore (S)",2.37637077056299,146912.317286979
"spore","Spore (S)",2.42142017224137,149842.444167837
"spore","Spore (S)",2.46732358568286,152908.526203688
"spore","Spore (S)",2.51409720058287,156116.017581342
"spore","Spore (S)",2.56175751354855,159470.470386794
"spore","Spore (S)",2.61032133391699,162977.520111648
"spore","Spore (S)",2.65980578968372,166642.868914064
"spore","Spore (S)",2.71022833354354,170472.266507074
"spore","Spore (S)",2.76160674904602,174471.488561191
"spore","Spore (S)",2.81395915686747,178646.312526471
"spore","Spore (S)",2.86730402120201,183002.490802187
"spore","Spore (S)",2.9216601562737,187545.721209999
"spore","Spore (S)",2.97704673297213,192281.61475939
"spore","Spore (S)",3.03348328561378,197215.660732016
"spore","Spore (S)",3.09098971883163,202353.18915456
"spore","Spore (S)",3.14958631459534,207699.330777357
"spore","Spore (S)",3.20929373936446,213258.974728011
"spore","Spore (S)",3.27013305137732,219036.724064974
"spore","Spore (S)",3.33212570807808,225036.849514521
"spore","Spore (S)",3.39529357368454,231263.241734972
"spore","Spore (S)",3.45965892689947,237719.362512844
"spore","Spore (S)",3.52524446876806,244408.195355638
"spore","Spore (S)",3.59207333068441,251332.196003375
"spore","Spore (S)",3.6601690825497,258493.243434149
"spore","Spore (S)",3.72955574108509,265892.591985991
"spore","Spore (S)",3.80025777830222,273530.825256256
"spore","Spore (S)",3.87230013013418,281407.812468911
"spore","Spore (S)",3.94570820523027,289522.66801756
"spore","Spore (S)",4.02050789391731,297873.714896428
"spore","Spore (S)",4.09672557733093,306458.452721451
"spore","Spore (S)",4.17438813671998,315273.531018153
"spore","Spore (S)",4.25352296292725,324314.728411687
"spore","Spore (S)",4.33415796604998,333576.938297034
"spore","Spore (S)",4.41632158528346,343054.161494496
"spore","Spore (S)",4.5000427989513,352739.50630811
"spore","Spore (S)",4.58535113472577,362625.196303941
"spore","Spore (S)",4.67227668004196,372702.586013356
"spore","Spore (S)",4.76085009270932,382962.184645752
"spore","Spore (S)",4.85110261172434,393393.687768515
"spore","Spore (S)",4.94306606828832,403986.016782354
"spore","Spore (S)",5.03677289703386,414727.365890821
"spore","Spore (S)",5.1322561474643,425605.256137033
"spore","Spore (S)",5.2295494956099,436606.595961713
"spore","Spore (S)",5.32868725590514,447717.747627636
"spore","Spore (S)",5.429704393291,458924.598759254
"spore","Spore (S)",5.53263653554683,470212.638165097
"spore","Spore (S)",5.63751998585592,481567.03504629
"spore","Spore (S)",5.74439173560923,492972.720648851
"spore","Spore (S)",5.85328947745197,504414.471390807
"spore","Spore (S)",5.96425161857738,515876.992488131
"spore","Spore (S)",6.07731729427265,527345.001115543
"spore","Spore (S)",6.19252638172148,538803.308168426
"spore","Spore (S)",6.30991951406842,550236.897739251
"spore","Spore (S)",6.4295380947498,561631.003484
"spore","Spore (S)",6.55142431209634,572971.181129141
"spore","Spore (S)",6.67562115421251,584243.376455263
"spore","Spore (S)",6.80217242413809,595433.988187078
"spore","Spore (S)",6.93112275529704,606529.925318471
"spore","Spore (S)",7.06251762723933,617518.658503161
"spore","Spore (S)",7.19640338168105,628388.265243836
"spore","Spore (S)",7.33282723884883,639127.468713071
"spore","Spore (S)",7.47183731413383,649725.670135958
"spore","Spore (S)",7.61348263506165,660172.974755342
"spore","Spore (S)",7.75781315858385,670460.211484434
"spore","Spore (S)",7.90487978869731,680578.94642732
"spore","Spore (S)",8.05473439439755,690521.490514456
"spore","Spore (S)",8.20742982797245,700280.901557362
"spore","Spore (S)",8.36301994364274,709850.981074004
"spore","Spore (S)",8.52155961655589,719226.266273865
"spore","Spore (S)",8.68310476214,728402.01761968
"spore","Spore (S)",8.84771235582472,737374.202401789
"spore","Spore (S)",9.01544045313582,746139.474771457
"spore","Spore (S)",9.18634821017096,754695.152682263
"spore","Spore (S)",9.36049590446336,763039.19218443
"spore","Spore (S)",9.53794495624119,771170.159506675
"spore","Spore (S)",9.71875795008985,779087.20134465
"spore","Spore (S)",9.90299865702498,786790.013755318
"spore","Spore (S)",10.0907320569839,794278.810033284
"spore","Spore (S)",10.2820243617433,801554.287919303
"spore","Spore (S)",10.4769430382717,808617.596463396
"spore","Spore (S)",10.6755568325244,815470.302836109
"spore","Spore (S)",10.8779357936891,822114.359351961
"spore","Spore (S)",11.0841512988921,828552.070939616
"spore","Spore (S)",11.2942760783723,834786.063264313
"spore","Spore (S)",11.508384241132,840819.251679883
"spore","Spore (S)",11.7265513010748,846654.811160673
"spore","Spore (S)",11.9488542036387,852296.147338095
"spore","Spore (S)",12.1753713529338,857746.868742608
"spore","Spore (S)",12.4061826393947,863010.760329606
"spore","Spore (S)",12.6413694679572,868091.758347392
"spore","Spore (S)",12.8810147867691,872993.926586851
"spore","Spore (S)",13.1252031164449,877721.434035747
"spore","Spore (S)",13.3740205798759,882278.533945832
"spore","Spore (S)",13.6275549326044,886669.544307825
"spore","Spore (S)",13.8858955937747,890898.829718086
"spore","Spore (S)",14.14913367767,894970.784611052
"spore","Spore (S)",14.4173620258479,898889.817823287
"spore","Spore (S)",14.6906752398844,902660.33844829
"spore","Spore (S)",14.9691697147392,906286.742935608
"spore","Spore (S)",15.252943672753,909773.403383521
"spore","Spore (S)",15.5420971982901,913124.656971309
"spore","Spore (S)",15.8367322730365,916344.796474716
"spore","Spore (S)",16.1369528119686,919438.06180681
"spore","Spore (S)",16.4428647000024,922408.63252564
"spore","Spore (S)",16.7545758293386,925260.62124997
"spore","Spore (S)",17.0721961375146,927998.067924809
"spore","Spore (S)",17.3958376461789,930624.934879352
"spore","Spore (S)",17.7256145006,933145.10262117
"spore","Spore (S)",18.0616430099241,935562.366312169
"spore","Spore (S)",18.4040416881963,937880.432873601
"spore","Spore (S)",18.7529312961596,940102.91866948
"spore","Spore (S)",19.1084348838457,942233.34772
"spore","Spore (S)",19.470677833974,944275.150398754
"spore","Spore (S)",19.8397879061725,946231.662570017
"spore","Spore (S)",20.2158952820376,948106.125124706
"spore","Spore (S)",20.5991326110478,949901.683876043
"spore","Spore (S)",20.989635057348,951621.389778346
"spore","Spore (S)",21.3875403474207,953268.199434751
"spore","Spore (S)",21.7929888186603,954844.97586192
"spore","Spore (S)",22.2061234688696,956354.489482064
"spore","Spore (S)",22.6270900066931,957799.419314784
"spore","Spore (S)",23.056036903007,959182.35434324
"spore","Spore (S)",23.4931154432842,960505.795031223
"spore","Spore (S)",23.9384797809503,961772.154969553
"spore","Spore (S)",24.3922869917528,962983.762632011
"spore","Spore (S)",24.8546971291596,964142.863222722
"spore","Spore (S)",25.325873280809,965251.620598532
"spore","Spore (S)",25.8059816260284,966312.119251353
"spore","Spore (S)",26.2951914944448,967326.366336929
"spore","Spore (S)",26.7936754257054,968296.29373773
"spore","Spore (S)",27.3016092303308,969223.760148931
"spore","Spore (S)",27.8191720517216,970110.553177596
"spore","Spore (S)",28.3465464293406,970958.391446157
"spore","Spore (S)",28.883918363093,971768.926692337
"spore","Spore (S)",29.4314773789262,972543.745858528
"spore","Spore (S)",29.9894165956744,973284.373164442
"spore","Spore (S)",30.5579327931694,973992.272157651
"spore","Spore (S)",31.137226481643,974668.847737303
"spore","Spore (S)",31.7275019724452,975315.448146937
"spore","Spore (S)",32.3289674501027,975933.366932905
"spore","Spore (S)",32.9418350457439,976523.84486544
"spore","Spore (S)",33.5663209119149,977088.071819878
"spore","Spore (S)",34.2026452988151,977627.188615998
"spore","Spore (S)",34.851032631977,978142.288813778
"spore","Spore (S)",35.511711591419,978634.420464312
"spore","Spore (S)",36.1849151922988,979104.587814861
"spore","Spore (S)",36.8708808670953,979553.752967342
"spore","Spore (S)",37.5698505493489,979982.837489797
"spore","Spore (S)",38.2820707589895,980392.723980638
"spore","Spore (S)",39.0077926892812,980784.257585604
"spore","Spore (S)",39.747272295416,981158.247467609
"spore","Spore (S)",40.5007703847868,981515.468229775
"spore","Spore (S)",41.2685527089717,981856.6612921
"spore","Spore (S)",42.0508900574618,982182.536222294
"spore","Spore (S)",42.8480583531663,982493.772021497
"spore","Spore (S)",43.6603387497279,982791.018365553
"spore","Spore (S)",44.4880177306827,983074.896802745
"spore","Spore (S)",45.3313872105006,983346.0019088
"spore","Spore (S)",46.1907446375405,983604.902400163
"spore","Spore (S)",47.0663930989575,983852.142206461
"spore","Spore (S)",47.9586414275989,984088.24150323
"spore","Spore (S)",48.8678043109267,984313.69770586
"spore","Spore (S)",49.7942024020047,984528.986425906
"spore","Spore (S)",50.7381624325898,984734.562390745
"spore","Spore (S)",51.7000173283672,984930.860327706
"spore","Spore (S)",52.6801063263702,985118.295813729
"spore","Spore (S)",53.6787750946255,985297.266091606
"spore","Spore (S)",54.6963758540676,985468.150853915
"spore","Spore (S)",55.7332675027633,985631.312995651
"spore","Spore (S)",56.7898157424917,985787.099336625
"spore","Spore (S)",57.8663932077238,985935.841314657
"spore","Spore (S)",58.9633795970471,986077.855650576
"spore","Spore (S)",60.0811618070819,986213.444986
"spore","Spore (S)",61.2201340689354,986342.898494893
"spore","Spore (S)",62.3806980872439,986466.49246983
"spore","Spore (S)",63.5632631818498,986584.490883929
"spore","Spore (S)",64.7682464321651,986697.145929307
"spore","Spore (S)",65.9960728242712,986804.698532982
"spore","Spore (S)",67.247175400807,986907.37885108
"spore","Spore (S)",68.5219954136998,987005.406742138
"spore","Spore (S)",69.8209824797897,987098.992220361
"spore","Spore (S)",71.1445947394059,987188.335889607
"spore","Spore (S)",72.493299017948,987273.629358812
"spore","Spore (S)",73.867570990531,987355.055639668
"spore","Spore (S)",75.2678953497511,987432.789527207
"spore","Spore (S)",76.694765976633,987506.997964002
"spore","Spore (S)",78.1486861148157,987577.840388638
"spore","Spore (S)",79.6301685480428,987645.469069112
"spore","Spore (S)",81.1397357810161,987710.02942176
"spore","Spore (S)",82.6779202236779,987771.660316329
"spore","Spore (S)",84.2452643789869,987830.49436773
"spore","Spore (S)",85.842321034254,987886.658215081
"spore","Spore (S)",87.4696534561049,987940.272788526
"spore","Spore (S)",89.1278355891392,987991.453564358
"spore","Spore (S)",90.8174522583545,988040.310808952
"spore","Spore (S)",92.5390993754094,988086.949811952
"spore","Spore (S)",94.2933841487951,988131.471109207
"spore","Spore (S)",96.080925297993,988173.970695855
"spore","Spore (S)",97.90235327169,988214.54023
"spore","Spore (S)",99.7583104701324,988253.267227375
"spore","Spore (S)",101.649451471694,988290.235247389
"spore","Spore (S)",103.576443263741,988325.524070914
"spore","Spore (S)",105.539965477869,988359.209870178
"spore","Spore (S)",107.540710629607,988391.365371113
"spore","Spore (S)",109.579384362655,988422.06000847
"spore","Spore (S)",111.656705697765,988451.360074023
"spore","Spore (S)",113.773407286327,988479.328858179
"spore","Spore (S)",115.93023566877,988506.026785245
"spore","Spore (S)",118.127951537862,988531.51154267
"spore","Spore (S)",120.367330006993,988555.838204505
"spore","Spore (S)",122.649160883559,988579.05934933
"spore","Spore (S)",124.97424894751,988601.22517291
"spore","Spore (S)",127.343414235197,988622.383595802
"spore","Spore (S)",129.757492328582,988642.580366135
"spore","Spore (S)",132.217334649948,988661.859157768
"spore","Spore (S)",134.723808762184,988680.261664064
"spore","Spore (S)",137.277798674764,988697.827687429
"spore","Spore (S)",139.880205155532,988714.59522483
"spore","Spore (S)",142.531946048395,988730.600549483
"spore","Spore (S)",145.233956597032,988745.87828884
"spore","Spore (S)",147.987189774753,988760.461499089
"spore","Spore (S)",150.792616620597,988774.381736276
"spore","Spore (S)",153.651226581813,988787.66912424
"spore","Spore (S)",156.564027862827,988800.352419478
"spore","Spore (S)",159.532047780824,988812.459073082
"spore","Spore (S)",162.556333128076,988824.015289881
"spore","Spore (S)",165.637950541134,988835.046084925
"spore","Spore (S)",168.777986877022,988845.5753374
"spore","Spore (S)",171.977549596559,988855.625842128
"spore","Spore (S)",175.237767154951,988865.219358722
"spore","Spore (S)",178.559789399785,988874.37665853
"spore","Spore (S)",181.944787976574,988883.117569459
"spore","Spore (S)",185.393956741977,988891.461018757
"spore","Spore (S)",188.908512184869,988899.425073878
"spore","Spore (S)",192.489693855381,988907.026981491
"spore","Spore (S)",196.138764802077,988914.283204717
"spore","Spore (S)",199.85701201742,988921.209458686
"spore","Spore (S)",203.645746891684,988927.820744486
"spore","Spore (S)",207.506305675464,988934.131381578
"spore","Spore (S)",211.440049950965,988940.155038729
"spore","Spore (S)",215.448367112213,988945.904763553
"spore","Spore (S)",219.532670854381,988951.39301072
"spore","Spore (S)",223.69440167238,988956.631668867
"spore","Spore (S)",227.935027368915,988961.632086314
"spore","Spore (S)",232.256043572157,988966.405095587
"spore","Spore (S)",236.658974263243,988970.961036862
"spore","Spore (S)",241.145372313768,988975.309780305
"spore","Spore (S)",245.716820033464,988979.46074744
"spore","Spore (S)",250.374929728273,988983.42293152
"spore","Spore (S)",255.121344268986,988987.204916979
"spore","Spore (S)",259.957737670667,988990.814898014
"spore","Spore (S)",264.88581568307,988994.260696307
"spore","Spore (S)",269.907316392231,988997.549777958
"spore","Spore (S)",275.024010833479,989000.689269632
"spore","Spore (S)",280.237703616066,989003.685973993
"spore","Spore (S)",285.55023355963,989006.54638442
"spore","Spore (S)",290.963474342731,989009.276699067
"spore","Spore (S)",296.479335163682,989011.882834276
"spore","Spore (S)",302.099761413901,989014.370437388
"spore","Spore (S)",307.826735364036,989016.744898969
"spore","Spore (S)",313.662276863089,989019.011364475
"spore","Spore (S)",319.608444050801,989021.174745404
"spore","Spore (S)",325.667334083535,989023.239729918
"spore","Spore (S)",331.841083873926,989025.210793003
"spore","Spore (S)",338.131870844548,989027.092206161
"spore","Spore (S)",344.541913695869,989028.888046651
"spore","Spore (S)",351.073473188769,989030.602206327
"spore","Spore (S)",357.728852941886,989032.238400066
"spore","Spore (S)",364.510400244079,989033.800173809
"spore","Spore (S)",371.4205068823,989035.290912249
"spore","Spore (S)",378.461609985147,989036.713846154
"spore","Spore (S)",385.636192882422,989038.072059369
"spore","Spore (S)",392.946785980974,989039.368495501
"spore","Spore (S)",400.395967657152,989040.605964282
"spore","Spore (S)",407.986365166172,989041.787147673
"spore","Spore (S)",415.720655568724,989042.914605659
"spore","Spore (S)",423.601566675149,989043.990781804
"spore","Spore (S)",431.631878007507,989045.018008543
"spore","Spore (S)",439.814421779894,989045.998512229
"spore","Spore (S)",448.152083897329,989046.934417969
"spore","Spore (S)",456.647804973594,989047.827754211
"spore","Spore (S)",465.304581368353,989048.680457161
"spore","Spore (S)",474.125466243942,989049.49437496
"spore","Spore (S)",483.113570642191,989050.271271692
"spore","Spore (S)",492.272064581661,989051.012831211
"spore","Spore (S)",501.604178175672,989051.720660791
"spore","Spore (S)",511.113202771541,989052.396294599
"spore","Spore (S)",520.802492111403,989053.041197033
"spore","Spore (S)",530.675463515047,989053.656765879
"spore","Spore (S)",540.735599085173,989054.244335355
"spore","Spore (S)",550.986446935491,989054.805178997
"spore","Spore (S)",561.431622442113,989055.34051241
"spore","Spore (S)",572.074809518658,989055.851495917
"spore","Spore (S)",582.919761915535,989056.339237065
"spore","Spore (S)",593.970304543854,989056.804793026
"spore","Spore (S)",605.230334824432,989057.249172885
"spore","Spore (S)",616.703824062386,989057.673339837
"spore","Spore (S)",628.394818847764,989058.078213266
"spore","Spore (S)",640.307442482744,989058.464670732
"spore","Spore (S)",652.445896435879,989058.833549891
"spore","Spore (S)",664.814461823924,989059.185650294
"spore","Spore (S)",677.417500921735,989059.521735125
"spore","Spore (S)",690.259458700804,989059.842532855
"spore","Spore (S)",703.344864396963,989060.148738822
"spore","Spore (S)",716.678333107796,989060.441016741
"spore","Spore (S)",730.264567420345,989060.720000131
"spore","Spore (S)",744.108359069663,989060.986293698
"spore","Spore (S)",758.214590628816,989061.240474649
"spore","Spore (S)",772.58823723092,989061.483093931
"spore","Spore (S)",787.234368323821,989061.714677431
"spore","Spore (S)",802.158149458041,989061.935727122
"spore","Spore (S)",817.364844108622,989062.146722138
"spore","Spore (S)",832.859815531498,989062.348119824
"spore","Spore (S)",848.648528655068,989062.54035672
"spore","Spore (S)",864.736552007622,989062.723849515
"spore","Spore (S)",881.129559681309,989062.898995936
"spore","Spore (S)",897.833333333333,989063.066175628
"veg","Vegetative (V)",0.5,57705071.2047624
"veg","Vegetative (V)",0.509478613825001,57701377.8958465
"veg","Vegetative (V)",0.51913691589009,57697434.2090922
"veg","Vegetative (V)",0.528978312586138,57693223.1968587
"veg","Vegetative (V)",0.539006274879748,57688726.7680033
"veg","Vegetative (V)",0.549224339537423,57683925.6112393
"veg","Vegetative (V)",0.559636110372956,57678799.113429
"veg","Vegetative (V)",0.570245259518458,57673325.2724879
"veg","Vegetative (V)",0.581055528719484,57667480.6045554
"veg","Vegetative (V)",0.592070730654712,57661240.0450681
"veg","Vegetative (V)",0.603294750280637,57654576.8433514
"veg","Vegetative (V)",0.614731546201758,57647462.4503198
"veg","Vegetative (V)",0.626385152066743,57639866.3988572
"veg","Vegetative (V)",0.638259677991054,57631756.176421
"veg","Vegetative (V)",0.650359312006548,57623097.0893911
"veg","Vegetative (V)",0.662688321538555,57613852.1186574
"veg","Vegetative (V)",0.675251054910959,57603981.7659134
"veg","Vegetative (V)",0.68805194287981,57593443.8900961
"veg","Vegetative (V)",0.70109550019601,57582193.5333838
"veg","Vegetative (V)",0.714386327197618,57570182.7361345
"veg","Vegetative (V)",0.727929111432352,57557360.3401186
"veg","Vegetative (V)",0.741728629310839,57543671.7793702
"veg","Vegetative (V)",0.755789747791209,57529058.8579506
"veg","Vegetative (V)",0.770117426095625,57513459.5138916
"veg","Vegetative (V)",0.784716717459354,57496807.5685512
"veg","Vegetative (V)",0.799592770912993,57479032.4605935
"veg","Vegetative (V)",0.814750833098487,57460058.963773
"veg","Vegetative (V)",0.830196250119565,57439806.8876792
"veg","Vegetative (V)",0.84593446942726,57418190.7605782
"veg","Vegetative (V)",0.861971041741176,57395119.4934646
"veg","Vegetative (V)",0.878311623007174,57370496.0244246
"veg","Vegetative (V)",0.894961976392164,57344216.9423982
"veg","Vegetative (V)",0.911927974316726,57316172.0894274
"veg","Vegetative (V)",0.929215600526254,57286244.1404759
"veg","Vegetative (V)",0.946830952201364,57254308.1599194
"veg","Vegetative (V)",0.964780242108314,57220231.1338277
"veg","Vegetative (V)",0.983069800790186,57183871.4771905
"veg","Vegetative (V)",1.00170607879961,57145078.5152912
"veg","Vegetative (V)",1.0206956489738,57103691.9384917
"veg","Vegetative (V)",1.04004520875277,57059541.229781
"veg","Vegetative (V)",1.05976158254139,57012445.0645424
"veg","Vegetative (V)",1.07985172411635,56962210.6821277
"veg","Vegetative (V)",1.10032271907867,56908633.2289883
"veg","Vegetative (V)",1.12118178735272,56851495.0733101
"veg","Vegetative (V)",1.1424362857326,56790565.0913313
"veg","Vegetative (V)",1.16409371047686,56725597.9258024
"veg","Vegetative (V)",1.1861616999523,56656333.2173762
"veg","Vegetative (V)",1.20864803732801,56582494.8101009
"veg","Vegetative (V)",1.23156065332037,56503789.932636
"veg","Vegetative (V)",1.25490762899015,56419908.3573336
"veg","Vegetative (V)",1.27869719859264,56330521.5399248
"veg","Vegetative (V)",1.30293775248178,56235281.7432384
"veg","Vegetative (V)",1.32763784006936,56133821.1491673
"veg","Vegetative (V)",1.35280617284031,56025750.96399
"veg","Vegetative (V)",1.37845162742517,55910660.5231692
"veg","Vegetative (V)",1.40458324873079,55788116.4028896
"veg","Vegetative (V)",1.43121025313036,55657661.5468863
"veg","Vegetative (V)",1.45834203171397,55518814.4185432
"veg","Vegetative (V)",1.48598815360074,55371068.1898482
"veg","Vegetative (V)",1.51415836931375,55213889.9805555
"veg","Vegetative (V)",1.54286261421899,55046720.1628649
"veg","Vegetative (V)",1.57211101202942,54868971.7490688
"veg","Vegetative (V)",1.60191387837554,54680029.8819509
"veg","Vegetative (V)",1.6322817244436,54479251.4502559
"veg","Vegetative (V)",1.66322526068281,54265964.8542707
"veg","Vegetative (V)",1.69475540058281,54039469.9494629
"veg","Vegetative (V)",1.72688326452273,53799038.1991964
"veg","Vegetative (V)",1.75962018369327,53543913.0707609
"veg","Vegetative (V)",1.79297770409308,53273310.7122734
"veg","Vegetative (V)",1.82696759060095,52986420.9513937
"veg","Vegetative (V)",1.86160183112515,52682408.6601769
"veg","Vegetative (V)",1.89689264083145,52360415.5336782
"veg","Vegetative (V)",1.93285246645131,52019562.3330365
"veg","Vegetative (V)",1.9694939906717,51658951.6465637
"veg","Vegetative (V)",2.00683013660817,51277671.2247065
"veg","Vegetative (V)",2.04487407236274,50874797.9464524
"veg","Vegetative (V)",2.08363921566811,50449402.4756045
"veg","Vegetative (V)",2.12313923862,50000554.6651232
"veg","Vegetative (V)",2.16338807249917,49527329.7661376
"veg","Vegetative (V)",2.20439991268484,49028815.4949721
"veg","Vegetative (V)",2.24618922366125,48504120.0062776
"veg","Vegetative (V)",2.28877074411918,47952380.8127342
"veg","Vegetative (V)",2.33215949215411,47372774.6814438
"veg","Vegetative (V)",2.37637077056299,46764528.5236643
"veg","Vegetative (V)",2.42142017224137,46126931.2775829
"veg","Vegetative (V)",2.46732358568286,45459346.7630612
"veg","Vegetative (V)",2.51409720058287,44761227.4624036
"veg","Vegetative (V)",2.56175751354855,44032129.152039
"veg","Vegetative (V)",2.61032133391699,43271726.2764721
"veg","Vegetative (V)",2.65980578968372,42479827.9180732
"veg","Vegetative (V)",2.71022833354354,41656394.1745409
"veg","Vegetative (V)",2.76160674904602,40801552.7107733
"veg","Vegetative (V)",2.81395915686747,39915615.2043062
"veg","Vegetative (V)",2.86730402120201,38999093.3546677
"veg","Vegetative (V)",2.9216601562737,38052714.0785998
"veg","Vegetative (V)",2.97704673297213,37077433.467142
"veg","Vegetative (V)",3.03348328561378,36074449.0395416
"veg","Vegetative (V)",3.09098971883163,35045209.7956629
"veg","Vegetative (V)",3.14958631459534,33991423.5461923
"veg","Vegetative (V)",3.20929373936446,32915060.9918157
"veg","Vegetative (V)",3.27013305137732,31818356.0321024
"veg","Vegetative (V)",3.33212570807808,30703801.8152875
"veg","Vegetative (V)",3.39529357368454,29574142.0943543
"veg","Vegetative (V)",3.45965892689947,28432357.5348639
"veg","Vegetative (V)",3.52524446876806,27281646.7269686
"veg","Vegetative (V)",3.59207333068441,26125401.787685
"veg","Vegetative (V)",3.6601690825497,24967178.597886
"veg","Vegetative (V)",3.72955574108509,23810661.8977996
"veg","Vegetative (V)",3.80025777830222,22659625.6592905
"veg","Vegetative (V)",3.87230013013418,21517889.3550715
"veg","Vegetative (V)",3.94570820523027,20389270.9447084
"veg","Vegetative (V)",4.02050789391731,19277537.5839017
"veg","Vegetative (V)",4.09672557733093,18186355.2253349
"veg","Vegetative (V)",4.17438813671998,17119238.4046621
"veg","Vegetative (V)",4.25352296292725,16079501.583145
"veg","Vegetative (V)",4.33415796604998,15070213.4401749
"veg","Vegetative (V)",4.41632158528346,14094155.4683612
"veg","Vegetative (V)",4.5000427989513,13153786.1187056
"veg","Vegetative (V)",4.58535113472577,12251211.5754806
"veg","Vegetative (V)",4.67227668004196,11388164.0161693
"veg","Vegetative (V)",4.76085009270932,10565987.9418549
"veg","Vegetative (V)",4.85110261172434,9785634.86210385
"veg","Vegetative (V)",4.94306606828832,9047666.30268655
"veg","Vegetative (V)",5.03677289703386,8352264.79276397
"veg","Vegetative (V)",5.1322561474643,7699252.19866085
"veg","Vegetative (V)",5.2295494956099,7088114.5205587
"veg","Vegetative (V)",5.32868725590514,6518032.06987278
"veg","Vegetative (V)",5.429704393291,5987913.80810346
"veg","Vegetative (V)",5.53263653554683,5496434.55720773
"veg","Vegetative (V)",5.63751998585592,5042073.78675757
"veg","Vegetative (V)",5.74439173560923,4623154.73949008
"veg","Vegetative (V)",5.85328947745197,4237882.76563405
"veg","Vegetative (V)",5.96425161857738,3884381.8861487
"veg","Vegetative (V)",6.07731729427265,3560728.78269275
"veg","Vegetative (V)",6.19252638172148,3264983.60436832
"veg","Vegetative (V)",6.30991951406842,2995217.1754299
"veg","Vegetative (V)",6.4295380947498,2749534.37324717
"veg","Vegetative (V)",6.55142431209634,2526093.61315344
"veg","Vegetative (V)",6.67562115421251,2323122.52026029
"veg","Vegetative (V)",6.80217242413809,2138929.98432478
"veg","Vegetative (V)",6.93112275529704,1971914.88115358
"veg","Vegetative (V)",7.06251762723933,1820571.8036608
"veg","Vegetative (V)",7.19640338168105,1683494.17994616
"veg","Vegetative (V)",7.33282723884883,1559375.16805043
"veg","Vegetative (V)",7.47183731413383,1447006.71136764
"veg","Vegetative (V)",7.61348263506165,1345277.11920189
"veg","Vegetative (V)",7.75781315858385,1253167.50764249
"veg","Vegetative (V)",7.90487978869731,1169747.40039658
"veg","Vegetative (V)",8.05473439439755,1094169.75053603
"veg","Vegetative (V)",8.20742982797245,1025665.60476668
"veg","Vegetative (V)",8.36301994364274,963538.593700676
"veg","Vegetative (V)",8.52155961655589,907159.396043397
"veg","Vegetative (V)",8.68310476214,855960.292451265
"veg","Vegetative (V)",8.84771235582472,809429.896531824
"veg","Vegetative (V)",9.01544045313582,767108.126187847
"veg","Vegetative (V)",9.18634821017096,728581.458165523
"veg","Vegetative (V)",9.36049590446336,693478.492006919
"veg","Vegetative (V)",9.53794495624119,661465.836282901
"veg","Vegetative (V)",9.71875795008985,632244.319597283
"veg","Vegetative (V)",9.90299865702498,605545.520993209
"veg","Vegetative (V)",10.0907320569839,581128.608655681
"veg","Vegetative (V)",10.2820243617433,558777.471814006
"veg","Vegetative (V)",10.4769430382717,538298.128165836
"veg","Vegetative (V)",10.6755568325244,519516.387673519
"veg","Vegetative (V)",10.8779357936891,502275.752969375
"veg","Vegetative (V)",11.0841512988921,486435.536636189
"veg","Vegetative (V)",11.2942760783723,471869.176127546
"veg","Vegetative (V)",11.508384241132,458462.727918165
"veg","Vegetative (V)",11.7265513010748,446113.523515243
"veg","Vegetative (V)",11.9488542036387,434728.971130889
"veg","Vegetative (V)",12.1753713529338,424225.4880467
"veg","Vegetative (V)",12.4061826393947,414527.549945337
"veg","Vegetative (V)",12.6413694679572,405566.844704757
"veg","Vegetative (V)",12.8810147867691,397281.519324131
"veg","Vegetative (V)",13.1252031164449,389615.509759957
"veg","Vegetative (V)",13.3740205798759,382517.944486725
"veg","Vegetative (V)",13.6275549326044,375942.613553885
"veg","Vegetative (V)",13.8858955937747,369847.49578823
"veg","Vegetative (V)",14.14913367767,364194.337589565
"veg","Vegetative (V)",14.4173620258479,358948.277490496
"veg","Vegetative (V)",14.6906752398844,354077.511302402
"veg","Vegetative (V)",14.9691697147392,349552.993254116
"veg","Vegetative (V)",15.252943672753,345348.16905242
"veg","Vegetative (V)",15.5420971982901,341438.737259568
"veg","Vegetative (V)",15.8367322730365,337802.435797712
"veg","Vegetative (V)",16.1369528119686,334418.850758365
"veg","Vegetative (V)",16.4428647000024,331269.245021441
"veg","Vegetative (V)",16.7545758293386,328336.404477458
"veg","Vegetative (V)",17.0721961375146,325604.499902049
"veg","Vegetative (V)",17.3958376461789,323058.9627578
"veg","Vegetative (V)",17.7256145006,320686.373397843
"veg","Vegetative (V)",18.0616430099241,318474.360321585
"veg","Vegetative (V)",18.4040416881963,316411.509288303
"veg","Vegetative (V)",18.7529312961596,314487.281231194
"veg","Vegetative (V)",19.1084348838457,312691.938035291
"veg","Vegetative (V)",19.470677833974,311016.475349176
"veg","Vegetative (V)",19.8397879061725,309452.561694321
"veg","Vegetative (V)",20.2158952820376,307992.483218796
"veg","Vegetative (V)",20.5991326110478,306629.093515197
"veg","Vegetative (V)",20.989635057348,305355.767987165
"veg","Vegetative (V)",21.3875403474207,304166.362305886
"veg","Vegetative (V)",21.7929888186603,303055.17454827
"veg","Vegetative (V)",22.2061234688696,302016.910653035
"veg","Vegetative (V)",22.6270900066931,301046.652870235
"veg","Vegetative (V)",23.056036903007,300139.830914596
"veg","Vegetative (V)",23.4931154432842,299292.195563865
"veg","Vegetative (V)",23.9384797809503,298499.794470643
"veg","Vegetative (V)",24.3922869917528,297758.94998045
"veg","Vegetative (V)",24.8546971291596,297066.238770182
"veg","Vegetative (V)",25.325873280809,296418.473140271
"veg","Vegetative (V)",25.8059816260284,295812.683810762
"veg","Vegetative (V)",26.2951914944448,295246.10408663
"veg","Vegetative (V)",26.7936754257054,294716.155271097
"veg","Vegetative (V)",27.3016092303308,294220.433217637
"veg","Vegetative (V)",27.8191720517216,293756.695922088
"veg","Vegetative (V)",28.3465464293406,293322.85206577
"veg","Vegetative (V)",28.883918363093,292916.950429054
"veg","Vegetative (V)",29.4314773789262,292537.170102427
"veg","Vegetative (V)",29.9894165956744,292181.811428961
"veg","Vegetative (V)",30.5579327931694,291849.287618148
"veg","Vegetative (V)",31.137226481643,291538.116976614
"veg","Vegetative (V)",31.7275019724452,291246.915706133
"veg","Vegetative (V)",32.3289674501027,290974.391223785
"veg","Vegetative (V)",32.9418350457439,290719.335963122
"veg","Vegetative (V)",33.5663209119149,290480.6216188
"veg","Vegetative (V)",34.2026452988151,290257.193800366
"veg","Vegetative (V)",34.851032631977,290048.067063853
"veg","Vegetative (V)",35.511711591419,289852.320292479
"veg","Vegetative (V)",36.1849151922988,289669.092400137
"veg","Vegetative (V)",36.8708808670953,289497.578333575
"veg","Vegetative (V)",37.5698505493489,289337.025351107
"veg","Vegetative (V)",38.2820707589895,289186.729557526
"veg","Vegetative (V)",39.0077926892812,289046.032676498
"veg","Vegetative (V)",39.747272295416,288914.319043223
"veg","Vegetative (V)",40.5007703847868,288791.012801503
"veg","Vegetative (V)",41.2685527089717,288675.57529058
"veg","Vegetative (V)",42.0508900574618,288567.50260826
"veg","Vegetative (V)",42.8480583531663,288466.323337866
"veg","Vegetative (V)",43.6603387497279,288371.596427495
"veg","Vegetative (V)",44.4880177306827,288282.909210945
"veg","Vegetative (V)",45.3313872105006,288199.875560453
"veg","Vegetative (V)",46.1907446375405,288122.134162135
"veg","Vegetative (V)",47.0663930989575,288049.346905667
"veg","Vegetative (V)",47.9586414275989,287981.197380391
"veg","Vegetative (V)",48.8678043109267,287917.389470559
"veg","Vegetative (V)",49.7942024020047,287857.646043006
"veg","Vegetative (V)",50.7381624325898,287801.707720964
"veg","Vegetative (V)",51.7000173283672,287749.331738224
"veg","Vegetative (V)",52.6801063263702,287700.290868238
"veg","Vegetative (V)",53.6787750946255,287654.37242313
"veg","Vegetative (V)",54.6963758540676,287611.377317967
"veg","Vegetative (V)",55.7332675027633,287571.119195916
"veg","Vegetative (V)",56.7898157424917,287533.423610261
"veg","Vegetative (V)",57.8663932077238,287498.127259514
"veg","Vegetative (V)",58.9633795970471,287465.07727209
"veg","Vegetative (V)",60.0811618070819,287434.130537306
"veg","Vegetative (V)",61.2201340689354,287405.153079631
"veg","Vegetative (V)",62.3806980872439,287378.019473372
"veg","Vegetative (V)",63.5632631818498,287352.612295116
"veg","Vegetative (V)",64.7682464321651,287328.821611491
"veg","Vegetative (V)",65.9960728242712,287306.544499915
"veg","Vegetative (V)",67.247175400807,287285.684600195
"veg","Vegetative (V)",68.5219954136998,287266.151694965
"veg","Vegetative (V)",69.8209824797897,287247.861317088
"veg","Vegetative (V)",71.1445947394059,287230.734382275
"veg","Vegetative (V)",72.493299017948,287214.696845275
"veg","Vegetative (V)",73.867570990531,287199.679378134
"veg","Vegetative (V)",75.2678953497511,287185.617069067
"veg","Vegetative (V)",76.694765976633,287172.449140629
"veg","Vegetative (V)",78.1486861148157,287160.118685939
"veg","Vegetative (V)",79.6301685480428,287148.572421789
"veg","Vegetative (V)",81.1397357810161,287137.760457541
"veg","Vegetative (V)",82.6779202236779,287127.63607882
"veg","Vegetative (V)",84.2452643789869,287118.155545024
"veg","Vegetative (V)",85.842321034254,287109.277899786
"veg","Vegetative (V)",87.4696534561049,287100.964793539
"veg","Vegetative (V)",89.1278355891392,287093.180317414
"veg","Vegetative (V)",90.8174522583545,287085.890847749
"veg","Vegetative (V)",92.5390993754094,287079.064900522
"veg","Vegetative (V)",94.2933841487951,287072.672995068
"veg","Vegetative (V)",96.080925297993,287066.6875265
"veg","Vegetative (V)",97.90235327169,287061.082646261
"veg","Vegetative (V)",99.7583104701324,287055.834150302
"veg","Vegetative (V)",101.649451471694,287050.919374377
"veg","Vegetative (V)",103.576443263741,287046.317096027
"veg","Vegetative (V)",105.539965477869,287042.007442801
"veg","Vegetative (V)",107.540710629607,287037.971806335
"veg","Vegetative (V)",109.579384362655,287034.192761893
"veg","Vegetative (V)",111.656705697765,287030.653993049
"veg","Vegetative (V)",113.773407286327,287027.340221158
"veg","Vegetative (V)",115.93023566877,287024.237139317
"veg","Vegetative (V)",118.127951537862,287021.331350538
"veg","Vegetative (V)",120.367330006993,287018.610309858
"veg","Vegetative (V)",122.649160883559,287016.062270126
"veg","Vegetative (V)",124.97424894751,287013.676231254
"veg","Vegetative (V)",127.343414235197,287011.44189269
"veg","Vegetative (V)",129.757492328582,287009.349608919
"veg","Vegetative (V)",132.217334649948,287007.390347796
"veg","Vegetative (V)",134.723808762184,287005.555651528
"veg","Vegetative (V)",137.277798674764,287003.837600151
"veg","Vegetative (V)",139.880205155532,287002.228777309
"veg","Vegetative (V)",142.531946048395,287000.722238237
"veg","Vegetative (V)",145.233956597032,286999.31147976
"veg","Vegetative (V)",147.987189774753,286997.990412207
"veg","Vegetative (V)",150.792616620597,286996.753333124
"veg","Vegetative (V)",153.651226581813,286995.594902634
"veg","Vegetative (V)",156.564027862827,286994.510120394
"veg","Vegetative (V)",159.532047780824,286993.494303993
"veg","Vegetative (V)",162.556333128076,286992.543068738
"veg","Vegetative (V)",165.637950541134,286991.652308722
"veg","Vegetative (V)",168.777986877022,286990.818179099
"veg","Vegetative (V)",171.977549596559,286990.037079476
"veg","Vegetative (V)",175.237767154951,286989.305638376
"veg","Vegetative (V)",178.559789399785,286988.62069868
"veg","Vegetative (V)",181.944787976574,286987.979303997
"veg","Vegetative (V)",185.393956741977,286987.378685899
"veg","Vegetative (V)",188.908512184869,286986.816251972
"veg","Vegetative (V)",192.489693855381,286986.289574621
"veg","Vegetative (V)",196.138764802077,286985.796380597
"veg","Vegetative (V)",199.85701201742,286985.334541177
"veg","Vegetative (V)",203.645746891684,286984.902062975
"veg","Vegetative (V)",207.506305675464,286984.497079342
"veg","Vegetative (V)",211.440049950965,286984.117842305
"veg","Vegetative (V)",215.448367112213,286983.762715016
"veg","Vegetative (V)",219.532670854381,286983.4301647
"veg","Vegetative (V)",223.69440167238,286983.118756025
"veg","Vegetative (V)",227.935027368915,286982.827144916
"veg","Vegetative (V)",232.256043572157,286982.554072743
"veg","Vegetative (V)",236.658974263243,286982.298360902
"veg","Vegetative (V)",241.145372313768,286982.058905715
"veg","Vegetative (V)",245.716820033464,286981.83467367
"veg","Vegetative (V)",250.374929728273,286981.624696966
"veg","Vegetative (V)",255.121344268986,286981.428069325
"veg","Vegetative (V)",259.957737670667,286981.243942089
"veg","Vegetative (V)",264.88581568307,286981.071520553
"veg","Vegetative (V)",269.907316392231,286980.910060535
"veg","Vegetative (V)",275.024010833479,286980.758865164
"veg","Vegetative (V)",280.237703616066,286980.617281875
"veg","Vegetative (V)",285.55023355963,286980.484699585
"veg","Vegetative (V)",290.963474342731,286980.360546065
"veg","Vegetative (V)",296.479335163682,286980.244285462
"veg","Vegetative (V)",302.099761413901,286980.135415993
"veg","Vegetative (V)",307.826735364036,286980.033467771
"veg","Vegetative (V)",313.662276863089,286979.938000786
"veg","Vegetative (V)",319.608444050801,286979.848603001
"veg","Vegetative (V)",325.667334083535,286979.764888572
"veg","Vegetative (V)",331.841083873926,286979.686496183
"veg","Vegetative (V)",338.131870844548,286979.613087495
"veg","Vegetative (V)",344.541913695869,286979.544345673
"veg","Vegetative (V)",351.073473188769,286979.479974025
"veg","Vegetative (V)",357.728852941886,286979.419694725
"veg","Vegetative (V)",364.510400244079,286979.363247603
"veg","Vegetative (V)",371.4205068823,286979.310389035
"veg","Vegetative (V)",378.461609985147,286979.260890883
"veg","Vegetative (V)",385.636192882422,286979.214539512
"veg","Vegetative (V)",392.946785980974,286979.171134868
"veg","Vegetative (V)",400.395967657152,286979.130489619
"veg","Vegetative (V)",407.986365166172,286979.092428338
"veg","Vegetative (V)",415.720655568724,286979.056786753
"veg","Vegetative (V)",423.601566675149,286979.023411035
"veg","Vegetative (V)",431.631878007507,286978.992157133
"veg","Vegetative (V)",439.814421779894,286978.962890157
"veg","Vegetative (V)",448.152083897329,286978.93548379
"veg","Vegetative (V)",456.647804973594,286978.909819746
"veg","Vegetative (V)",465.304581368353,286978.885787259
"veg","Vegetative (V)",474.125466243942,286978.863282606
"veg","Vegetative (V)",483.113570642191,286978.842208655
"veg","Vegetative (V)",492.272064581661,286978.822474453
"veg","Vegetative (V)",501.604178175672,286978.803994825
"veg","Vegetative (V)",511.113202771541,286978.786690016
"veg","Vegetative (V)",520.802492111403,286978.770485335
"veg","Vegetative (V)",530.675463515047,286978.755310846
"veg","Vegetative (V)",540.735599085173,286978.741101054
"veg","Vegetative (V)",550.986446935491,286978.72779463
"veg","Vegetative (V)",561.431622442113,286978.715334144
"veg","Vegetative (V)",572.074809518658,286978.703665816
"veg","Vegetative (V)",582.919761915535,286978.692739286
"veg","Vegetative (V)",593.970304543854,286978.682507396
"veg","Vegetative (V)",605.230334824432,286978.672925984
"veg","Vegetative (V)",616.703824062386,286978.663953696
"veg","Vegetative (V)",628.394818847764,286978.65555181
"veg","Vegetative (V)",640.307442482744,286978.647684062
"veg","Vegetative (V)",652.445896435879,286978.640316495
"veg","Vegetative (V)",664.814461823924,286978.633417312
"veg","Vegetative (V)",677.417500921735,286978.626956734
"veg","Vegetative (V)",690.259458700804,286978.620906879
"veg","Vegetative (V)",703.344864396963,286978.615241635
"veg","Vegetative (V)",716.678333107796,286978.609936551
"veg","Vegetative (V)",730.264567420345,286978.60496873
"veg","Vegetative (V)",744.108359069663,286978.600316732
"veg","Vegetative (V)",758.214590628816,286978.595960478
"veg","Vegetative (V)",772.58823723092,286978.591881167
"veg","Vegetative (V)",787.234368323821,286978.588061193
"veg","Vegetative (V)",802.158149458041,286978.584484068
"veg","Vegetative (V)",817.364844108622,286978.581134354
"veg","Vegetative (V)",832.859815531498,286978.577997593
"veg","Vegetative (V)",848.648528655068,286978.575060248
"veg","Vegetative (V)",864.736552007622,286978.57230964
"veg","Vegetative (V)",881.129559681309,286978.569733898
"veg","Vegetative (V)",897.833333333333,286978.567321906
