"column_label","Curve","b0","b0.se","A","A.se","umax","umax.se","L","L.se","RSME","CV","outlier","clones","order","evo.type","cell.type","mutation"
1,"ancestor1",0.1283,0.00446,0.3451,0.00493,0.1132,0.00602,3.6533,0.11511,0.0143,3.568,0,"ancestor",1,"ancestor","total","nomut"
1,"ancestor2",0.1401,0.00513,0.3134,0.0056,0.1049,0.00655,3.3191,0.13596,0.0155,3.935,1,"ancestor",1,"ancestor","total","nomut"
1,"ancestor3",0.1639,0.00771,0.2762,0.0082,0.1173,0.01153,3.1975,0.19333,0.0226,5.753,1,"ancestor",1,"ancestor","total","nomut"
1,"ancestor4",0.162,0.00899,0.2717,0.00961,0.116,0.01409,3.4309,0.23729,0.0276,7.186,0,"ancestor",1,"ancestor","total","nomut"
1,"ancestor5",0.1685,0.00794,0.2672,0.00842,0.105,0.01041,3.1455,0.21819,0.0223,5.748,0,"ancestor",1,"ancestor","total","nomut"
1,"ancestor6",0.1439,0.0049,0.2884,0.00531,0.1061,0.00689,3.5835,0.13743,0.0154,4.108,0,"ancestor",1,"ancestor","total","nomut"
2,"M4_1",0.1554,0.00347,0.2765,0.00366,0.0764,0.00218,1.8486,0.08289,0.0069,1.773,0,"M4",9,"evolved","total","ywcC"
2,"M4_7",0.132,0.0031,0.2374,0.0033,0.0764,0.0029,2.5726,0.09035,0.008,2.43,1,"M4",9,"evolved","total","ywcC"
2,"M4_8",0.1447,0.00297,0.2274,0.00315,0.0839,0.00349,2.363,0.08122,0.0074,2.199,0,"M4",9,"evolved","total","ywcC"
2,"M4_10",0.1374,0.00322,0.2128,0.00341,0.0955,0.00518,2.7928,0.09332,0.0089,2.796,1,"M4",9,"evolved","total","ywcC"
2,"M4_11",0.1429,0.00276,0.2386,0.00295,0.0747,0.00255,2.5759,0.08311,0.0071,2.081,0,"M4",9,"evolved","total","ywcC"
2,"M4_12",0.1285,0.00265,0.2279,0.00282,0.0827,0.00311,2.6899,0.07806,0.0071,2.221,0,"M4",9,"evolved","total","ywcC"
3,"M13_1",0.1176,0.00399,0.2145,0.00424,0.0833,0.00518,2.9266,0.12809,0.0111,3.745,2,"M13",10,"evolved","total","ywcC"
3,"M13_2",0.1127,0.00461,0.2501,0.00481,0.0649,0.0022,1.6593,0.11458,0.0085,2.599,0,"M13",10,"evolved","total","ywcC"
3,"M13_3",0.1158,0.00376,0.1993,0.00404,0.0807,0.00561,3.3065,0.13039,0.0116,4.17,0,"M13",10,"evolved","total","ywcC"
3,"M13_4",0.1165,0.00491,0.2385,0.00568,0.1015,0.00893,3.8964,0.15579,0.0168,5.662,1,"M13",10,"evolved","total","ywcC"
3,"M13_5",0.1284,0.00531,0.2526,0.00753,0.0715,0.00534,3.3039,0.1963,0.0153,5.482,0,"M13",10,"evolved","total","ywcC"
3,"M13_6",0.1141,0.00458,0.2633,0.00525,0.0737,0.00391,3.0706,0.14647,0.0129,4.163,0,"M13",10,"evolved","total","ywcC"
4,"M17_4",0.1217,0.00713,0.1958,0.0074,0.1,0.01089,2.2704,0.18461,0.0169,5.757,0,"M17",4,"evolved","total","sinR"
4,"M17_5",0.1167,0.00606,0.2203,0.00635,0.0929,0.00781,2.1897,0.15456,0.0141,4.594,0,"M17",4,"evolved","total","sinR"
4,"M17_6",0.1206,0.00461,0.1935,0.00483,0.0944,0.00751,2.4789,0.13343,0.0116,4.029,1,"M17",4,"evolved","total","sinR"
4,"M17_1",0.1044,0.00368,0.221,0.00408,0.0635,0.00374,4.1534,0.16042,0.0126,4.632,0,"M17",4,"evolved","total","sinR"
4,"M17_3",0.1035,0.00593,0.337,0.00664,0.0545,0.00196,2.0981,0.18438,0.0119,3.243,1,"M17",4,"evolved","total","sinR"
4,"M17_4",0.1086,0.00444,0.1879,0.00478,0.0458,0.0027,2.8469,0.19491,0.012,4.645,1,"M17",4,"evolved","total","sinR"
5,"M19_1",0.1127,0.00226,0.1794,0.00244,0.054,0.00219,2.8526,0.09942,0.0062,2.383,1,"M19",5,"evolved","total","sinR"
5,"M19_3",0.1306,0.00156,0.2208,0.00167,0.0548,0.00096,2.3024,0.05496,0.0036,1.161,2,"M19",5,"evolved","total","sinR"
5,"M19_6",0.1257,0.00162,0.2331,0.00177,0.0452,0.00066,2.1182,0.06244,0.0034,1.085,0,"M19",5,"evolved","total","sinR"
5,"M19_7",0.1195,0.00226,0.1796,0.00243,0.0567,0.00231,2.8634,0.09607,0.0062,2.336,1,"M19",5,"evolved","total","sinR"
5,"M19_11",0.1263,0.00228,0.2001,0.00244,0.0568,0.00179,2.6022,0.08745,0.0058,1.987,1,"M19",5,"evolved","total","sinR"
5,"M19_12",0.1393,0.00194,0.187,0.00208,0.06,0.00192,2.666,0.07761,0.005,1.694,2,"M19",5,"evolved","total","sinR"
6,"M21_1",0.1233,0.00445,0.178,0.00464,0.0925,0.00756,2.256,0.1269,0.0106,3.813,1,"M21",6,"evolved","total","sinR"
6,"M21_1",0.1014,0.00255,0.2795,0.00277,0.0693,0.00177,2.6491,0.07446,0.0068,2.067,0,"M21",6,"evolved","total","sinR"
6,"M21_3",0.1102,0.00401,0.2342,0.00442,0.0523,0.00251,2.9115,0.1619,0.0108,3.678,0,"M21",6,"evolved","total","sinR"
6,"M21_4",0.1038,0.00225,0.2603,0.00237,0.0637,0.0011,1.7652,0.06017,0.0042,1.3,2,"M21",6,"evolved","total","sinR"
6,"M21_5",0.1198,0.00509,0.2839,0.00543,0.0637,0.00233,1.8946,0.14015,0.0097,2.735,0,"M21",6,"evolved","total","sinR"
6,"M21_6",0.0715,0.0109,0.3354,0.01134,0.0528,0.00118,0.4837,0.24008,0.0079,2.238,1,"M21",6,"evolved","total","sinR"
7,"M23_2",0.0952,0.015,0.4327,0.01551,0.0758,0.0018,0.4659,0.22999,0.0103,2.211,1,"M23",2,"evolved","spore","spormut"
7,"M23_4",0.1213,0.00425,0.3492,0.00448,0.1218,0.0042,2.2477,0.07589,0.0101,2.401,2,"M23",2,"evolved","spore","spormut"
7,"M23_8",0.1154,0.00495,0.3067,0.00523,0.1001,0.00428,2.2502,0.102,0.0117,3.134,0,"M23",2,"evolved","spore","spormut"
7,"M23_10",0.1144,0.00427,0.3503,0.0047,0.1013,0.0033,2.0546,0.0843,0.0093,2.339,0,"M23",2,"evolved","spore","spormut"
7,"M23_11",0.1243,0.0047,0.335,0.00496,0.115,0.0045,2.2294,0.08757,0.0111,2.703,1,"M23",2,"evolved","spore","spormut"
7,"M23_12",0.1112,0.00482,0.3568,0.00523,0.0971,0.00319,1.9821,0.09345,0.0102,2.519,0,"M23",2,"evolved","spore","spormut"
8,"M26_2",0.1224,0.00347,0.3006,0.00368,0.0864,0.00255,2.0997,0.08039,0.0076,2.013,1,"M26",3,"evolved","spore","spormut"
8,"M26_6",0.1287,0.00564,0.3398,0.00586,0.1482,0.0067,1.9793,0.08589,0.0121,2.829,1,"M26",3,"evolved","spore","spormut"
8,"M26_7",0.1304,0.00477,0.3036,0.00504,0.1126,0.00538,2.33,0.09842,0.0115,2.96,0,"M26",3,"evolved","spore","spormut"
8,"M26_10",0.1127,0.00551,0.3104,0.00591,0.0823,0.0039,2.1382,0.13276,0.0123,3.309,1,"M26",3,"evolved","spore","spormut"
8,"M26_11",0.1235,0.00519,0.3146,0.00554,0.0966,0.00473,2.2957,0.11733,0.0123,3.163,0,"M26",3,"evolved","spore","spormut"
8,"M26_14",0.1232,0.00411,0.2856,0.00435,0.1079,0.00494,2.5157,0.0937,0.0104,2.842,1,"M26",3,"evolved","spore","spormut"
9,"M41_1",0.1173,0.00638,0.2327,0.0073,0.1042,0.00823,2.0033,0.13851,0.0141,4.923,0,"M41",7,"evolved","total","sinR"
9,"M41_2",0.1138,0.00552,0.2283,0.00634,0.0883,0.00632,2.2704,0.14218,0.0132,4.691,0,"M41",7,"evolved","total","sinR"
9,"M41_3",0.1228,0.00584,0.2233,0.00663,0.0901,0.00658,2.0842,0.14409,0.0131,4.526,0,"M41",7,"evolved","total","sinR"
9,"M41_4",0.1148,0.00671,0.2128,0.00701,0.098,0.0093,2.3863,0.17295,0.0165,5.512,0,"M41",7,"evolved","total","sinR"
9,"M41_5",0.1246,0.00711,0.2511,0.00802,0.0952,0.00673,1.9106,0.15527,0.0146,4.809,0,"M41",7,"evolved","total","sinR"
9,"M41_6",0.1198,0.00689,0.25,0.00792,0.0934,0.00662,1.9757,0.15541,0.0146,4.929,0,"M41",7,"evolved","total","sinR"
10,"M54_1",0.1309,0.00609,0.3349,0.00629,0.0702,0.00126,0.8765,0.11201,0.006,1.429,2,"M54",8,"evolved","total","sinR"
10,"M54_4",0.1513,0.00817,0.2262,0.0085,0.0845,0.00753,1.7388,0.18708,0.0163,4.659,0,"M54",8,"evolved","total","sinR"
10,"M54_6",0.1386,0.00671,0.2259,0.00696,0.0756,0.00411,1.1521,0.1475,0.0088,2.577,4,"M54",8,"evolved","total","sinR"
10,"M54_1",0.1117,0.00406,0.2786,0.0045,0.0784,0.00402,3.9855,0.14001,0.0136,4.181,0,"M54",8,"evolved","total","sinR"
10,"M54_5",0.1082,0.00365,0.3413,0.00402,0.1116,0.00469,3.4914,0.08423,0.012,3.143,1,"M54",8,"evolved","total","sinR"
10,"M54_6",0.1145,0.00475,0.2017,0.00508,0.0757,0.00601,3.0118,0.16213,0.0138,4.897,0,"M54",8,"evolved","total","sinR"
11,"M79_1",0.121,0.009,0.2791,0.00945,0.1458,0.01642,2.6458,0.17817,0.0239,6.604,0,"M79",11,"evolved","total","ywcC"
11,"M79_2",0.1218,0.00754,0.271,0.0079,0.1357,0.0122,2.4257,0.14902,0.0188,5.276,1,"M79",11,"evolved","total","ywcC"
11,"M79_3",0.116,0.00675,0.3724,0.01121,0.1276,0.00783,2.2205,0.1263,0.015,4.075,0,"M79",11,"evolved","total","ywcC"
11,"M79_4",0.1231,0.00667,0.3322,0.00948,0.1296,0.00856,2.1474,0.12369,0.0149,4.161,0,"M79",11,"evolved","total","ywcC"
11,"M79_5",0.1237,0.00751,0.339,0.0102,0.1218,0.00824,2.1673,0.14297,0.0166,4.587,0,"M79",11,"evolved","total","ywcC"
11,"M79_6",0.1225,0.00683,0.3299,0.00914,0.125,0.00815,2.1826,0.1281,0.0155,4.434,0,"M79",11,"evolved","total","ywcC"
12,"S1_1",0.1209,0.00675,0.3218,0.00778,0.0748,0.00614,3.3164,0.22664,0.0202,5.454,0,"S1",12,"spore","spore","nomut"
12,"S1_6",0.1378,0.00603,0.2807,0.00659,0.1097,0.00983,3.8713,0.17343,0.0202,5.606,1,"S1",12,"spore","spore","nomut"
12,"S1_2",0.1159,0.00707,0.2763,0.00762,0.1162,0.01133,3.4514,0.17727,0.0225,6.602,0,"S1",12,"spore","spore","nomut"
12,"S1_3",0.1147,0.00648,0.2549,0.00697,0.1133,0.01158,3.4189,0.17519,0.0204,6.306,0,"S1",12,"spore","spore","nomut"
12,"S1_4",0.112,0.00505,0.272,0.00546,0.1085,0.00738,3.3152,0.12979,0.0156,4.691,1,"S1",12,"spore","spore","nomut"
12,"S1_6",0.1119,0.00609,0.25,0.00657,0.1187,0.01178,3.4508,0.15605,0.0197,6.208,0,"S1",12,"spore","spore","nomut"
13,"S1_1",0.1209,0.00675,0.3218,0.00778,0.0748,0.00614,3.3164,0.22664,0.0202,5.454,0,"S1",12,"spore","spore","nomut"
13,"S1_2",0.1154,0.00736,0.279,0.00834,0.0943,0.01266,4.1568,0.26102,0.0257,7.795,0,"S1",12,"spore","spore","nomut"
13,"S1_3",0.1381,0.00659,0.2782,0.00722,0.1233,0.01325,3.996,0.18012,0.0229,6.381,0,"S1",12,"spore","spore","nomut"
13,"S1_4",0.1501,0.00721,0.2711,0.00784,0.1159,0.01281,3.9426,0.20413,0.0245,6.705,0,"S1",12,"spore","spore","nomut"
13,"S1_5",0.0715,0.04566,0.3655,0.05275,0.0357,0.00297,0.3444,1.62383,0.0276,7.955,0,"S1",12,"spore","spore","nomut"
13,"S1_6",0.1378,0.00603,0.2807,0.00659,0.1097,0.00983,3.8713,0.17343,0.0202,5.606,1,"S1",12,"spore","spore","nomut"
14,"S11_2",0.1164,0.00939,0.3453,0.01001,0.1409,0.01424,2.6071,0.17878,0.0246,6.019,0,"S11",14,"spore","spore","nomut"
14,"S11_4",0.1145,0.00894,0.3014,0.00946,0.1495,0.01686,2.7329,0.17213,0.0246,6.616,0,"S11",14,"spore","spore","nomut"
14,"S11_5",0.1154,0.00855,0.3273,0.00908,0.1467,0.01473,2.5809,0.1619,0.0225,5.68,0,"S11",14,"spore","spore","nomut"
14,"S11_1",0.1129,0.00642,0.2731,0.00692,0.119,0.01098,3.4628,0.16047,0.0205,6.112,0,"S11",14,"spore","spore","nomut"
14,"S11_2",0.1167,0.00584,0.2697,0.0063,0.1285,0.01189,3.3901,0.145,0.0184,5.44,0,"S11",14,"spore","spore","nomut"
14,"S11_6",0.1206,0.00845,0.2544,0.00895,0.0989,0.01041,2.8377,0.21761,0.0233,6.989,0,"S11",14,"spore","spore","nomut"
15,"S22_2",0.1232,0.00773,0.3395,0.00838,0.1147,0.00971,2.9877,0.18079,0.0217,5.412,0,"S22",15,"spore","spore","nomut"
15,"S22_6",0.1369,0.00711,0.3512,0.00763,0.1303,0.00931,3.1512,0.14916,0.0208,4.897,0,"S22",15,"spore","spore","nomut"
15,"S22_1",0.1215,0.00796,0.2711,0.00848,0.1032,0.00982,3.0655,0.20358,0.0229,6.636,0,"S22",15,"spore","spore","nomut"
15,"S22_2",0.1132,0.00691,0.2654,0.00743,0.0953,0.00816,3.2262,0.18993,0.0206,6.282,0,"S22",15,"spore","spore","nomut"
15,"S22_5",0.1243,0.00754,0.2631,0.00807,0.1167,0.01258,3.3449,0.19545,0.0232,6.808,0,"S22",15,"spore","spore","nomut"
15,"S22_6",0.1196,0.00732,0.2672,0.00781,0.1206,0.01219,3.2272,0.18102,0.022,6.452,0,"S22",15,"spore","spore","nomut"
16,"S51_1",0.1287,0.00859,0.3119,0.00927,0.1063,0.01025,3.0955,0.21485,0.0246,6.435,0,"S51",16,"spore","spore","nomut"
16,"S51_3",0.1217,0.00899,0.3378,0.01001,0.1062,0.0122,3.1002,0.24572,0.0254,6.43,0,"S51",16,"spore","spore","nomut"
16,"S51_1",0.1123,0.00839,0.2662,0.00904,0.1245,0.01563,3.5787,0.20848,0.0275,8.362,0,"S51",16,"spore","spore","nomut"
16,"S51_2",0.1149,0.00796,0.2552,0.00856,0.1232,0.01553,3.6119,0.20729,0.0261,8.071,0,"S51",16,"spore","spore","nomut"
16,"S51_3",0.122,0.01082,0.2533,0.01139,0.0993,0.01221,2.7032,0.2667,0.0287,8.556,0,"S51",16,"spore","spore","nomut"
16,"S51_5",0.1201,0.00887,0.2414,0.00945,0.1117,0.01504,3.3415,0.24398,0.0271,8.488,2,"S51",16,"spore","spore","nomut"
17,"S95_3",0.1256,0.009,0.3178,0.00972,0.1245,0.01379,3.2593,0.20875,0.0272,7.067,0,"S95",17,"spore","spore","nomut"
17,"S95_1",0.118,0.00837,0.2675,0.00902,0.1224,0.01531,3.6667,0.21649,0.0275,8.222,0,"S95",17,"spore","spore","nomut"
17,"S95_2",0.1307,0.01061,0.2461,0.01116,0.0931,0.01095,2.6336,0.26836,0.0275,8.166,0,"S95",17,"spore","spore","nomut"
17,"S95_4",0.1188,0.00876,0.2606,0.0093,0.1129,0.01287,3.0316,0.21509,0.0253,7.535,0,"S95",17,"spore","spore","nomut"
17,"S95_4.1",0.1244,0.00594,0.2804,0.00636,0.1007,0.00703,3.0528,0.14838,0.0174,4.902,0,"S95",17,"spore","spore","nomut"
17,"S95_6",0.1133,0.00652,0.2648,0.00695,0.1077,0.00915,2.9816,0.15783,0.019,5.711,0,"S95",17,"spore","spore","nomut"
