"parameter","scope","model","grouping","n_groups","sigma_strain","singular","AICc","delta_AICc","akaike_weight","F","ndf","ddf","p_kr","p_lrt_chisq"
"umax","all (11)","1","global mean",1,0.25818950171923,FALSE,21.5491838944915,1.64298635831337,0.249487511159824,NA,NA,NA,NA,NA
"umax","all (11)","2","ancestor vs evolved",2,0.249693184001658,FALSE,22.1667936683149,2.2605961321368,0.183204675198228,1.90912769928216,1,4.89558251852009,0.22678594291299,0.198818643223967
"umax","all (11)","3","mutation vs none",2,0.214739089132377,FALSE,19.9061975361781,0,0.567307813641947,4.25210573658852,1,6.72603089644672,0.079759601274247,0.0479531437659978
"umax","evolved (10)","1","global mean",1,0.24713369775312,FALSE,17.088901550841,2.00217786768713,0.207551074310762,NA,NA,NA,NA,NA
"umax","evolved (10)","4","spore vs total",2,0.220819939579737,FALSE,16.9040208599358,1.81729717678193,0.2276519200791,2.29095093580125,1,6.92866980185147,0.174332087360443,0.115039989321238
"umax","evolved (10)","5a","sinR vs ywcC vs none",3,0.186978043949774,FALSE,15.0867236831538,0,0.564797005610138,3.5232738478902,2,5.29923071983405,0.106360729967799,0.0353534684125922
"umax","evolved + spore isolates (16)","1","global mean",1,0.267276243194683,FALSE,55.3879813030971,6.49678687266061,0.0346460782148987,NA,NA,NA,NA,NA
"umax","evolved + spore isolates (16)","3","mutation vs none",2,0.238599466722928,FALSE,53.8904804418704,4.99928601143391,0.0732541547930167,4.09163477670371,1,8.56395160845246,0.075390957327754,0.0551947824934998
"umax","evolved + spore isolates (16)","4","spore vs total",2,0.197511233828437,FALSE,48.8911944304365,0,0.892099766992085,12.0517169136075,1,7.73293458221178,0.00888013151838918,0.00322520295594663
"umax","spore fraction (8)","1","global mean",1,0.0678215177166669,FALSE,15.9242811138046,0,0.657463477672202,NA,NA,NA,NA,NA
"umax","spore fraction (8)","3","mutation vs none",2,0.0625900916458427,FALSE,17.2283029711877,1.30402185738312,0.342536522327798,-4.41976246636304,1,1.96151270107384,1,0.298528460482942
"umax","sinR/ywcC (8)","1","global mean",1,0.243818929237104,FALSE,16.0473256881422,0.829385094001646,0.397787471961391,NA,NA,NA,NA,NA
"umax","sinR/ywcC (8)","5","sinR vs ywcC",2,0.212348853440836,FALSE,15.2179405941405,0,0.602212528038609,3.28069740008279,1,4.3314067754616,0.138830369510456,0.0730035147004982
"A","all (11)","1","global mean",1,0.159928304903676,FALSE,-31.6195336833651,7.42184051659823,0.0235692257590315,NA,NA,NA,NA,NA
"A","all (11)","2","ancestor vs evolved",2,0.160315368397206,FALSE,-30.3752279723983,8.66614622756506,0.0126516673441269,0.937714822135343,1,7.22065706007762,0.364175741584787,0.311492885384977
"A","all (11)","3","mutation vs none",2,0.0937920400385882,FALSE,-39.0413741999633,0,0.963779106896842,14.8243435723209,1,6.73783685375038,0.00676817388082441,0.00185225001796222
"A","evolved (10)","1","global mean",1,0.15950715755976,FALSE,-27.5172381976134,5.84175635485102,0.0376425028451744,NA,NA,NA,NA,NA
"A","evolved (10)","4","spore vs total",2,0.0985888831808834,FALSE,-33.3589945524644,0,0.698553650721373,11.4657770382147,1,6.32247051580199,0.0136099549201731,0.00432883567947429
"A","evolved (10)","5a","sinR vs ywcC vs none",3,0.107275393620212,FALSE,-31.4113822261085,1.94761232635591,0.263803846433452,5.19301253048156,2,5.52962666894564,0.0537768153297932,0.0137276688945053
"A","evolved + spore isolates (16)","1","global mean",1,0.137423129334109,FALSE,-48.495721797897,8.12097480629697,0.0136470691371575,NA,NA,NA,NA,NA
"A","evolved + spore isolates (16)","3","mutation vs none",2,0.101676599974615,FALSE,-53.8124935687254,2.80420303546852,0.194787782051003,9.79407188510083,1,9.75690822652832,0.0110130883772157,0.00618546386180095
"A","evolved + spore isolates (16)","4","spore vs total",2,0.0912417118325349,FALSE,-56.616696604194,0,0.791565148811839,14.9643931347858,1,9.52745375171147,0.00341214259729371,0.00133054312348875
"A","spore fraction (8)","1","global mean",1,0.0724027951718867,FALSE,-71.6150935655563,0,0.552308490955421,NA,NA,NA,NA,NA
"A","spore fraction (8)","3","mutation vs none",2,0.0662145660507774,FALSE,-71.1950888630405,0.420004702515882,0.447691509044579,1.81645784447795,1,5.06192586721976,0.234911156853146,0.161003740231436
"A","sinR/ywcC (8)","1","global mean",1,0.0995273017107557,FALSE,-19.8051820504459,0,0.732998372495331,NA,NA,NA,NA,NA
"A","sinR/ywcC (8)","5","sinR vs ywcC",2,0.110266833489004,FALSE,-17.7854045951547,2.01977745529123,0.267001627504669,0.377623300760332,1,4.36839551868512,0.569453038636972,0.545742084944377
"L","all (11)","1","global mean",1,0.0415231837029802,FALSE,36.2063910970766,4.63151862118514,0.0872341700772457,NA,NA,NA,NA,NA
"L","all (11)","2","ancestor vs evolved",2,0,TRUE,31.5748724758915,0,0.883910155510761,39.7866637289967,1,2.50554655698835,0.0134855131075984,0.00861880573854126
"L","all (11)","3","mutation vs none",2,0.0666131146898954,FALSE,38.4189700020853,6.84409752619386,0.0288556744119936,8.45464829882365e-05,1,8.44464031074856,0.992877155727141,0.812831961459289
"L","evolved (10)","1","global mean",1,0,TRUE,29.1600172747378,0,0.501806017332473,NA,NA,NA,NA,NA
"L","evolved (10)","4","spore vs total",2,0,TRUE,29.9877204655336,0.827703190795759,0.331743483414419,1.37331454819286,1,10.4349633121173,0.267304522838395,0.225188280775898
"L","evolved (10)","5a","sinR vs ywcC vs none",3,0,TRUE,31.367048598581,2.20703132384311,0.166450499253108,1.19606201467621,2,7.33578894484983,0.35515319444251,0.290034853323703
"L","evolved + spore isolates (16)","1","global mean",1,0.11374761849931,FALSE,54.7042619887827,0.46484382144277,0.38347293427424,NA,NA,NA,NA,NA
"L","evolved + spore isolates (16)","3","mutation vs none",2,0.125543639015372,FALSE,56.8263514190957,2.58693325175579,0.13271770153804,0.0955032561369061,1,10.7443076540354,0.763204030007013,0.81195044951411
"L","evolved + spore isolates (16)","4","spore vs total",2,0.117962343669939,FALSE,54.2394181673399,0,0.483809364187719,2.77218816127464,1,10.4015274891141,0.125708079639932,0.103971984494117
"L","spore fraction (8)","1","global mean",1,0.186377707720827,FALSE,2.52084508959552,0,0.668635769017575,NA,NA,NA,NA,NA
"L","spore fraction (8)","3","mutation vs none",2,0.185819881858138,FALSE,3.92488769926211,1.40404260966659,0.331364230982425,0.799010518685182,1,5.18876999881953,0.410928974378252,0.322017314428563
"L","sinR/ywcC (8)","1","global mean",1,0,TRUE,30.6073983489636,0,0.67326036029184,NA,NA,NA,NA,NA
"L","sinR/ywcC (8)","5","sinR vs ywcC",2,0,TRUE,32.0533352992411,1.44593695027754,0.32673963970816,0.919085689663357,1,5.81300639038689,0.375872306594736,0.332576069065931
