"parameter","scope","model","contrast","ratio","lower","upper","df","p","adjust"
"umax","all (11)","2","Ancestor / Evolved",1.46321609536678,0.717430288526163,2.9842639431055,4.89558251852009,0.22678594291299,"none"
"umax","all (11)","3","mutation / none",0.727206752170596,0.503150461826921,1.05103681805706,6.72603089644672,0.079759601274247,"none"
"umax","evolved (10)","4","Spore / Total",1.31808164667673,0.855399641112223,2.03102636920339,6.92866980185147,0.174332087360443,"none"
"umax","evolved (10)","5a","none / sinR",1.46528634677901,0.883506091990746,2.43016329770758,6.02453494386076,0.129067489759877,"tukey"
"umax","evolved (10)","5a","none / ywcC",1.10112739893005,0.617141257296438,1.9646742692039,5.16097868327543,0.857889826097171,"tukey"
"umax","evolved (10)","5a","sinR / ywcC",0.751475915509994,0.468150775524499,1.20626960610905,4.84026157376202,0.212926756446824,"tukey"
"umax","evolved + spore isolates (16)","3","mutation / none",0.751688475541087,0.544907092694048,1.03693927246885,8.56395160845246,0.0753909573277541,"none"
"umax","evolved + spore isolates (16)","4","Spore / Total",1.45458447487887,1.13236200427117,1.86849787133263,7.73293458221178,0.00888013151838918,"none"
"umax","spore fraction (8)","3","mutation / none",1.06516037557925,NA,NA,1.96151270107384,NA,"none"
"umax","sinR/ywcC (8)","5","sinR / ywcC",0.74874095267028,0.486825968939857,1.15156760315483,4.3314067754616,0.138830369510456,"none"
"A","all (11)","2","Ancestor / Evolved",1.19104412577046,0.779224380178759,1.82051042757017,7.22065706007762,0.364175741584787,"none"
"A","all (11)","3","mutation / none",0.751561656877107,0.629771942167953,0.896903920716787,6.73783685375038,0.00676817388082442,"none"
"A","evolved (10)","4","Spore / Total",1.35399097930297,1.09061066004723,1.68097712519556,6.32247051580199,0.0136099549201731,"none"
"A","evolved (10)","5a","none / sinR",1.37920647139652,1.0100693404913,1.88324743112863,5.81668888364455,0.0443737209263567,"tukey"
"A","evolved (10)","5a","none / ywcC",1.30292735356166,0.919690365469011,1.84586003333139,5.4088745372762,0.122751087147641,"tukey"
"A","evolved (10)","5a","sinR / ywcC",0.944693474532771,0.714586030381839,1.24889897490428,5.36569381688242,0.801420915455515,"tukey"
"A","evolved + spore isolates (16)","3","mutation / none",0.81771062492228,0.708210844285837,0.944140677180757,9.75690822652832,0.0110130883772158,"none"
"A","evolved + spore isolates (16)","4","Spore / Total",1.23348033026048,1.09215983761977,1.39308704892076,9.52745375171146,0.00341214259729372,"none"
"A","spore fraction (8)","3","mutation / none",0.928648712891719,0.806788172383318,1.06891556107953,5.06192586721976,0.234911156853146,"none"
"A","sinR/ywcC (8)","5","sinR / ywcC",0.946366217644512,0.74369652923447,1.20426677104528,4.36839551868512,0.569453038636972,"none"
"L","all (11)","2","Ancestor / Evolved",1.50907786468268,1.19561995392338,1.90471561987764,2.50554655698835,0.0134855131075984,"none"
"L","all (11)","3","mutation / none",0.999200204729873,0.819027428694906,1.21900807488602,8.44464031074856,0.992877155727141,"none"
"L","evolved (10)","4","Spore / Total",0.9100490243301,0.761501934350122,1.08757337220812,10.4349633121173,0.267304522838395,"none"
"L","evolved (10)","5a","none / sinR",0.936514475830722,0.736344359223163,1.1910994529323,8.8514348550255,0.733329746793096,"tukey"
"L","evolved (10)","5a","none / ywcC",0.865131034268589,0.658950320588782,1.1358241783476,7.79466214915789,0.329798487405738,"tukey"
"L","evolved (10)","5a","sinR / ywcC",0.923777535313788,0.725865582090806,1.17565146468628,6.08963917866305,0.600509583903119,"tukey"
"L","evolved + spore isolates (16)","3","mutation / none",0.972283795567538,0.795427911373639,1.18846191541192,10.7443076540354,0.763204030007013,"none"
"L","evolved + spore isolates (16)","4","Spore / Total",1.14303583724712,0.956680751994911,1.36569166099224,10.4015274891141,0.125708079639932,"none"
"L","spore fraction (8)","3","mutation / none",1.13944970420226,0.785996408145361,1.65184677048359,5.18876999881953,0.410928974378252,"none"
"L","sinR/ywcC (8)","5","sinR / ywcC",0.923777535313789,0.753344225744696,1.13276893296268,5.81300639038689,0.375872306594736,"none"
