"parameter","scale","clone","2.5%","50%","97.5%","weighted_mean"
"umax","absolute","ancestor",0.103907272370866,0.109123086353277,0.114650934651252,0.109213544991424
"umax","absolute","M26",0.0780630107627485,0.0942899341365881,0.112447001494877,0.0956512159729208
"umax","absolute","M23",0.0735141833715111,0.0900260834277888,0.109554653236342,0.0914274984739858
"umax","absolute","M54",0.0647388254309446,0.0734398186640347,0.0832336910180429,0.0738991151637208
"umax","absolute","M41",0.0881043582251296,0.0936658273669987,0.0996360151206574,0.0938061301454983
"umax","absolute","M21",0.0526670559857123,0.0600466000992667,0.0682376897985578,0.060397166660009
"umax","absolute","M19",0.0441524817754914,0.0499593582778133,0.0566911942121081,0.0502554144186306
"umax","absolute","M17",0.0443923287650207,0.0555144052657573,0.069361070575048,0.056788565576904
"umax","absolute","M79",0.121667881425374,0.127879621000417,0.134867128335965,0.127951337011763
"umax","absolute","M13",0.0618321879196546,0.0707773608723647,0.080637707215243,0.0712132686543527
"umax","absolute","M4",0.0731427628083489,0.0787090053135505,0.0844945347546031,0.0788331646714907
"umax","relative","M26",0.712596439280588,0.862897478220818,1.03898097759242,NA
"umax","relative","M23",0.670195219385935,0.824467855964018,1.01384464388259,NA
"umax","relative","M54",0.589452253452265,0.673446472684429,0.769347540427355,NA
"umax","relative","M41",0.794979678645577,0.858250249616062,0.926495172948004,NA
"umax","relative","M21",0.477321088293317,0.550407266287948,0.629653218223786,NA
"umax","relative","M19",0.401327560265607,0.457830047291906,0.524327143444874,NA
"umax","relative","M17",0.406912182650913,0.508578887719082,0.639270584566311,NA
"umax","relative","M79",1.09299022634689,1.17159801206353,1.2598658501078,NA
"umax","relative","M13",0.564003038000278,0.648303057264655,0.744682273277123,NA
"umax","relative","M4",0.660462286390609,0.721277141171836,0.786104339880358,NA
"A","absolute","ancestor",0.271422098765052,0.303808670873636,0.339659784017784,0.30504673510168
"A","absolute","M26",0.287655253566677,0.30478429965453,0.322968017006471,0.305294648940752
"A","absolute","M23",0.316367220099337,0.341454198543006,0.366049514089691,0.342363875953768
"A","absolute","M54",0.21855979578974,0.275212647021759,0.347260719877104,0.28103031942625
"A","absolute","M41",0.215936385492277,0.231001491417954,0.246265901090461,0.231292550622291
"A","absolute","M21",0.217356280900555,0.255107793147545,0.298113295315243,0.257458993914349
"A","absolute","M19",0.18022694023223,0.204679122379611,0.231280182091185,0.205742251082347
"A","absolute","M17",0.176686856082264,0.215578396915015,0.263735647050967,0.218768775635733
"A","absolute","M79",0.273030903013869,0.312314074025606,0.357561777584984,0.314266133435454
"A","absolute","M13",0.202380743601471,0.2288703247172,0.259906175636942,0.229983086410114
"A","absolute","M4",0.215951432189337,0.234689587981104,0.255409975381657,0.235276428871679
"A","relative","M26",0.88638634873335,1.00286669586529,1.13722203219166,NA
"A","relative","M23",0.984709693587854,1.1236371815313,1.2847719332183,NA
"A","relative","M54",0.703297895621983,0.906734041968889,1.17589266479454,NA
"A","relative","M41",0.66887486097588,0.759677551695193,0.866432847709198,NA
"A","relative","M21",0.693932872753635,0.839135432618363,1.01616368370612,NA
"A","relative","M19",0.570745130783417,0.673428400419768,0.795297804769906,NA
"A","relative","M17",0.568189580893184,0.70894101890248,0.89383897431764,NA
"A","relative","M79",0.863331309316866,1.02762145257537,1.23131222766425,NA
"A","relative","M13",0.639106679685355,0.753129379249156,0.892948371479712,NA
"A","relative","M4",0.673122250207501,0.772477751882017,0.887410524656313,NA
"L","absolute","ancestor",3.23907982083203,3.45438636855119,3.69418611894747,3.45741463993025
"L","absolute","M26",1.99490622995685,2.20350859663867,2.43268251248299,2.21160010667807
"L","absolute","M23",1.51434784612387,2.06250626959423,2.8035490448139,2.1091567426232
"L","absolute","M54",1.08583775206484,2.18848104631947,4.38416382877136,2.55695133096186
"L","absolute","M41",1.91627553979731,2.09207529310864,2.29279390814412,2.09698144867567
"L","absolute","M21",1.42558259288603,2.0361269125179,2.92378080717215,2.11393595249745
"L","absolute","M19",2.14069972180339,2.44326660773838,2.78627437221831,2.45668879527814
"L","absolute","M17",1.98283381647395,2.60657422036427,3.41352979828346,2.68311765694878
"L","absolute","M79",2.09879581952528,2.25480659431917,2.43317714917429,2.26167573941005
"L","absolute","M13",1.96836383807702,2.76252278334573,3.95492369964781,2.86937331120282
"L","absolute","M4",2.0773597970024,2.44119491755422,2.86230936413076,2.46335267169807
"L","relative","M26",0.565638883319973,0.638090411386286,0.716456269839337,NA
"L","relative","M23",0.436924650629963,0.596750745229194,0.814720087085527,NA
"L","relative","M54",0.31325666257329,0.632829288003823,1.28690622261115,NA
"L","relative","M41",0.542868483898129,0.605108211868247,0.675566929841761,NA
"L","relative","M21",0.411946896095948,0.589618262138342,0.85400169875994,NA
"L","relative","M19",0.611073973739073,0.707382579127573,0.81736860952884,NA
"L","relative","M17",0.571904218691515,0.755028275503723,0.989424563479465,NA
"L","relative","M79",0.591507303005177,0.653034530397806,0.723004613682975,NA
"L","relative","M13",0.568637105802264,0.799270657662436,1.14630303689247,NA
"L","relative","M4",0.595254723301981,0.706516742341478,0.839058638563334,NA
