"clone","position","gene"
"1",3529981,"epsA-slrR"
"10",3529981,"epsA-slrR"
"11",3529981,"epsA-slrR"
"12",3529981,"epsA-slrR"
"14",3529981,"epsA-slrR"
"2",3529981,"epsA-slrR"
"22",3529981,"epsA-slrR"
"24",3529981,"epsA-slrR"
"25",3529981,"epsA-slrR"
"27",3529981,"epsA-slrR"
"29",3529981,"epsA-slrR"
"3",3529981,"epsA-slrR"
"30",3529981,"epsA-slrR"
"33",3529981,"epsA-slrR"
"35",3529981,"epsA-slrR"
"39",3529981,"epsA-slrR"
"40",3529981,"epsA-slrR"
"42",3529981,"epsA-slrR"
"44",3529981,"epsA-slrR"
"45",3529981,"epsA-slrR"
"47",3529981,"epsA-slrR"
"5",3529981,"epsA-slrR"
"50",3529981,"epsA-slrR"
"51",3529981,"epsA-slrR"
"55",3529981,"epsA-slrR"
"56",3529981,"epsA-slrR"
"58",3529981,"epsA-slrR"
"59",3529981,"epsA-slrR"
"6",3529981,"epsA-slrR"
"60",3529981,"epsA-slrR"
"62",3529981,"epsA-slrR"
"63",3529981,"epsA-slrR"
"66",3529981,"epsA-slrR"
"67",3529981,"epsA-slrR"
"7",3529981,"epsA-slrR"
"71",3529981,"epsA-slrR"
"75",3529981,"epsA-slrR"
"76",3529981,"epsA-slrR"
"77",3529981,"epsA-slrR"
"78",3529981,"epsA-slrR"
"79",3529981,"epsA-slrR"
"80",3529981,"epsA-slrR"
"81",3529981,"epsA-slrR"
"86",3529981,"epsA-slrR"
"89",3529981,"epsA-slrR"
"9",3529981,"epsA-slrR"
"94",3529981,"epsA-slrR"
"18",2552884,"sinR"
"19",2552884,"sinR"
"31",2552884,"sinR"
"36",2552884,"sinR"
"37",2552884,"sinR"
"53",2552884,"sinR"
"72",2552884,"sinR"
"84",2552884,"sinR"
"17",2552905,"sinR"
"21",2552905,"sinR"
"54",2552905,"sinR"
"85",2552905,"sinR"
"92",2552905,"sinR"
"95",2552905,"sinR"
"21",2398950,"ypeB"
"54",2398950,"ypeB"
"85",2398950,"ypeB"
"88",2398950,"ypeB"
"16",2552873,"sinR"
"28",2552873,"sinR"
"41",2552873,"sinR"
"93",2552873,"sinR"
"30",2982523,"citZ-ytwI"
"45",2982523,"citZ-ytwI"
"56",2982523,"citZ-ytwI"
"60",2982523,"citZ-ytwI"
"40",3307629,"yutK"
"75",3307629,"yutK"
"79",3307629,"yutK"
"94",3307629,"yutK"
"3",224360,"ybdN"
"47",224360,"ybdN"
"59",224360,"ybdN"
"1",1841668,"pksN"
"39",1841668,"pksN"
"36",2638228,"comEC"
"72",2638228,"comEC"
"38",3922952,"ywcC"
"4",3922952,"ywcC"
"44",367283,"yciC-yckA"
"15",551424,"yddN-lrpA"
"67",915149,"yfiU"
"4",925845,"recX"
"4",925897,"recX"
"64",1071743,"yhzE-yhaJ"
"64",1389205,"thiW"
"48",1527425,"ykyA"
"22",1579232,"yllA"
"14",1685519,"topA"
"33",2175478,"yorM"
"34",2552881,"sinR"
"15",2552985,"sinR"
"84",2597493,"ispH-yqfO"
"14",2778674,"yrhH-yrzI"
"49",2814640,"BSU_misc_RNA_41-aspS"
"62",2912024,"uvrC"
"12",2917349,"ysiB"
"79",3163106,"cotI"
"94",3292935,"besA"
"94",3488662,"yvbU"
"94",3534794,"pbpE"
"86",3586037,"hisB"
"13",3922748,"ywcC"
