"fraction","position","gene","carriers","variant","severity","product","n_clones","frequency","gene_current","gene_legacy","locus_tag","cds_length","gene_display"
"S10",332156,"lctP",1,NA,"LOW","L-lactate permease",52,0.0192307692307692,"lctP",NA,"BSU_03060",1626,"lctP"
"S10",682755,"yeaA",1,NA,"MODERATE","hypothetical",52,0.0192307692307692,"yeaA",NA,"BSU_06290",990,"yeaA"
"S1000",777008,"yetA",1,"A/T -> G/C",NA,"putative enzyme",96,0.0104166666666667,"yetA",NA,"BSU_07090",2574,"yetA"
"S1000",1611379,"ymlG",1,"C/G -> T/A",NA,"shape determination factor",96,0.0104166666666667,"ylmG",NA,"BSU_15400",273,"ylmG"
"S1000",2323251,"kdgA",1,"C/G -> T/A",NA,"2-keto-3-deoxygluconate-6-phosphate aldolase",96,0.0104166666666667,"kdgA",NA,"BSU_22100",591,"kdgA"
"S1000",3539121,"levB-yveA",1,"C/G -> T/A",NA,"endolevanase - L-aspartate/L-glutamate permease",96,0.0104166666666667,NA,NA,NA,NA,"levB-aspP"
"S+NS1000",224360,"ybdN",3,"synonymous_variant","LOW","Hypothetical",84,0.0357142857142857,"ybdN",NA,"BSU_02040",858,"ybdN"
"S+NS1000",367283,"yciC-yckA",1,"intergenic_region","MODIFIER",NA,84,0.0119047619047619,NA,NA,NA,NA,"yciC-yckA"
"S+NS1000",551424,"yddN-lrpA",1,"intergenic_region","MODIFIER",NA,84,0.0119047619047619,NA,NA,NA,NA,"yddN-lrpA"
"S+NS1000",915149,"yfiU",1,"frameshift_variant","HIGH",NA,84,0.0119047619047619,"yfiU",NA,"BSU_08400",1557,"yfiU"
"S+NS1000",925845,"recX",1,"frameshift_variant","HIGH",NA,84,0.0119047619047619,"recX",NA,"BSU_08520",795,"recX"
"S+NS1000",925897,"recX",1,"frameshift_variant","HIGH",NA,84,0.0119047619047619,"recX",NA,"BSU_08520",795,"recX"
"S+NS1000",1071743,"yhzE-yhaJ",1,"intergenic_region","MODIFIER",NA,84,0.0119047619047619,NA,NA,NA,NA,"yhzE-yhaJ"
"S+NS1000",1389205,"thiW",1,"synonymous_variant","LOW",NA,84,0.0119047619047619,"thiW",NA,"BSU_13220",1644,"thiW"
"S+NS1000",1527425,"ykyA",1,"missense_variant","MODERATE",NA,84,0.0119047619047619,"ykyA",NA,"BSU_14570",672,"ykyA"
"S+NS1000",1579232,"yllA",1,"missense_variant","MODERATE",NA,84,0.0119047619047619,"bshC","yllA","BSU_15120",1620,"bshC"
"S+NS1000",1685519,"topA",1,"missense_variant","MODERATE",NA,84,0.0119047619047619,"topA",NA,"BSU_16120",2076,"topA"
"S+NS1000",1841668,"pksN",2,"missense_variant","MODERATE","polyketide synthase PksN(pksN)",84,0.0238095238095238,"pksN",NA,"BSU_17210",16467,"pksN"
"S+NS1000",2175478,"yorM",1,"missense_variant","MODERATE",NA,84,0.0119047619047619,"yorM",NA,"BSU_20330",717,"yorM"
"S+NS1000",2398950,"ypeB",4,"missense_variant","MODERATE","sporulation protein YpeB(ypeB)",84,0.0476190476190476,"ypeB","ypeB","BSU_22920",1353,"ypeB"
"S+NS1000",2552873,"sinR",4,"missense_variant","MODERATE","XRE family transcriptional regulator(sinR)",84,0.0476190476190476,"sinR",NA,"BSU_24610",336,"sinR"
"S+NS1000",2552881,"sinR",1,"missense_variant","MODERATE",NA,84,0.0119047619047619,"sinR",NA,"BSU_24610",336,"sinR"
"S+NS1000",2552884,"sinR",8,"missense_variant","MODERATE","XRE family transcriptional regulator(sinR)",84,0.0952380952380952,"sinR",NA,"BSU_24610",336,"sinR"
"S+NS1000",2552905,"sinR",6,"missense_variant","MODERATE","XRE family transcriptional regulator(sinR)",84,0.0714285714285714,"sinR",NA,"BSU_24610",336,"sinR"
"S+NS1000",2552985,"sinR",1,"frameshift_variant&stop_lost&splice_region_variant","HIGH",NA,84,0.0119047619047619,"sinR",NA,"BSU_24610",336,"sinR"
"S+NS1000",2597493,"ispH-yqfO",1,"intergenic_region","MODIFIER",NA,84,0.0119047619047619,NA,NA,NA,NA,"ispH-yqfO"
"S+NS1000",2638228,"comEC",2,"frameshift_variant","HIGH","ComE operon protein 3(comEC)",84,0.0238095238095238,"comEC",NA,"BSU_25570",2331,"comEC"
"S+NS1000",2778674,"yrhH-yrzI",1,"intergenic_region","MODIFIER",NA,84,0.0119047619047619,NA,NA,NA,NA,"yrhH-yrzI"
"S+NS1000",2814640,"BSU_misc_RNA_41-aspS",1,"intergenic_region","MODIFIER",NA,84,0.0119047619047619,NA,NA,NA,NA,"BSU_misc_RNA_41-aspS"
"S+NS1000",2912024,"uvrC",1,"missense_variant","MODERATE",NA,84,0.0119047619047619,"uvrC",NA,"BSU_28490",1773,"uvrC"
"S+NS1000",2917349,"ysiB",1,"synonymous_variant","LOW",NA,84,0.0119047619047619,"fadB","ysiB","BSU_28540",777,"fadB"
"S+NS1000",2982523,"citZ-ytwI",4,"intergenic_region","MODIFIER","citrate synthase 2(citZ)",84,0.0476190476190476,NA,NA,NA,NA,"citZ-ytwI"
"S+NS1000",3163106,"cotI",1,"synonymous_variant","LOW",NA,84,0.0119047619047619,"cotI",NA,"BSU_30920",1074,"cotI"
"S+NS1000",3292935,"besA",1,"missense_variant","MODERATE",NA,84,0.0119047619047619,"besA",NA,"BSU_32010",870,"besA"
"S+NS1000",3307629,"yutK",4,"missense_variant","MODERATE","transporter(yutK)",84,0.0476190476190476,"yutK",NA,"BSU_32180",1215,"yutK"
"S+NS1000",3488662,"yvbU",1,"missense_variant","MODERATE",NA,84,0.0119047619047619,"yvbU",NA,"BSU_33990",879,"yvbU"
"S+NS1000",3534794,"pbpE",1,"frameshift_variant","HIGH",NA,84,0.0119047619047619,"pbpE",NA,"BSU_34440",1356,"pbpE"
"S+NS1000",3586037,"hisB",1,"missense_variant","MODERATE",NA,84,0.0119047619047619,"hisB",NA,"BSU_34900",585,"hisB"
"S+NS1000",3922748,"ywcC",1,"frameshift_variant","HIGH",NA,84,0.0119047619047619,"slrC","ywcC","BSU_38220",672,"slrC"
"S+NS1000",3922952,"ywcC",2,"frameshift_variant","HIGH","HTH-type transcriptional regulator YwcC(ywcC)",84,0.0238095238095238,"slrC","ywcC","BSU_38220",672,"slrC"
