"clone","background","clade","clade3"
"1","epsA-slrR clade","epsA-slrR","epsA-slrR"
"10","epsA-slrR clade","epsA-slrR","epsA-slrR"
"11","epsA-slrR clade","epsA-slrR","epsA-slrR"
"12","epsA-slrR clade","epsA-slrR","epsA-slrR"
"13","no clade marker","no clade marker","neither"
"14","epsA-slrR clade","epsA-slrR","epsA-slrR"
"15","sinR 2,552,985","sinR","sinR"
"16","sinR 2,552,873","sinR","sinR"
"17","sinR 2,552,905","sinR","sinR"
"18","sinR 2,552,884","sinR","sinR"
"19","sinR 2,552,884","sinR","sinR"
"2","epsA-slrR clade","epsA-slrR","epsA-slrR"
"21","sinR 2,552,905","sinR","sinR"
"22","epsA-slrR clade","epsA-slrR","epsA-slrR"
"23","no mutations","no mutations","neither"
"24","epsA-slrR clade","epsA-slrR","epsA-slrR"
"25","epsA-slrR clade","epsA-slrR","epsA-slrR"
"26","no mutations","no mutations","neither"
"27","epsA-slrR clade","epsA-slrR","epsA-slrR"
"28","sinR 2,552,873","sinR","sinR"
"29","epsA-slrR clade","epsA-slrR","epsA-slrR"
"3","epsA-slrR clade","epsA-slrR","epsA-slrR"
"30","epsA-slrR clade","epsA-slrR","epsA-slrR"
"31","sinR 2,552,884","sinR","sinR"
"32","no mutations","no mutations","neither"
"33","epsA-slrR clade","epsA-slrR","epsA-slrR"
"34","sinR 2,552,881","sinR","sinR"
"35","epsA-slrR clade","epsA-slrR","epsA-slrR"
"36","sinR 2,552,884","sinR","sinR"
"37","sinR 2,552,884","sinR","sinR"
"38","no clade marker","no clade marker","neither"
"39","epsA-slrR clade","epsA-slrR","epsA-slrR"
"4","no clade marker","no clade marker","neither"
"40","epsA-slrR clade","epsA-slrR","epsA-slrR"
"41","sinR 2,552,873","sinR","sinR"
"42","epsA-slrR clade","epsA-slrR","epsA-slrR"
"43","no mutations","no mutations","neither"
"44","epsA-slrR clade","epsA-slrR","epsA-slrR"
"45","epsA-slrR clade","epsA-slrR","epsA-slrR"
"46","no mutations","no mutations","neither"
"47","epsA-slrR clade","epsA-slrR","epsA-slrR"
"48","no clade marker","no clade marker","neither"
"49","no clade marker","no clade marker","neither"
"5","epsA-slrR clade","epsA-slrR","epsA-slrR"
"50","epsA-slrR clade","epsA-slrR","epsA-slrR"
"51","epsA-slrR clade","epsA-slrR","epsA-slrR"
"52","no mutations","no mutations","neither"
"53","sinR 2,552,884","sinR","sinR"
"54","sinR 2,552,905","sinR","sinR"
"55","epsA-slrR clade","epsA-slrR","epsA-slrR"
"56","epsA-slrR clade","epsA-slrR","epsA-slrR"
"58","epsA-slrR clade","epsA-slrR","epsA-slrR"
"59","epsA-slrR clade","epsA-slrR","epsA-slrR"
"6","epsA-slrR clade","epsA-slrR","epsA-slrR"
"60","epsA-slrR clade","epsA-slrR","epsA-slrR"
"62","epsA-slrR clade","epsA-slrR","epsA-slrR"
"63","epsA-slrR clade","epsA-slrR","epsA-slrR"
"64","no clade marker","no clade marker","neither"
"66","epsA-slrR clade","epsA-slrR","epsA-slrR"
"67","epsA-slrR clade","epsA-slrR","epsA-slrR"
"7","epsA-slrR clade","epsA-slrR","epsA-slrR"
"70","no mutations","no mutations","neither"
"71","epsA-slrR clade","epsA-slrR","epsA-slrR"
"72","sinR 2,552,884","sinR","sinR"
"74","no mutations","no mutations","neither"
"75","epsA-slrR clade","epsA-slrR","epsA-slrR"
"76","epsA-slrR clade","epsA-slrR","epsA-slrR"
"77","epsA-slrR clade","epsA-slrR","epsA-slrR"
"78","epsA-slrR clade","epsA-slrR","epsA-slrR"
"79","epsA-slrR clade","epsA-slrR","epsA-slrR"
"80","epsA-slrR clade","epsA-slrR","epsA-slrR"
"81","epsA-slrR clade","epsA-slrR","epsA-slrR"
"84","sinR 2,552,884","sinR","sinR"
"85","sinR 2,552,905","sinR","sinR"
"86","epsA-slrR clade","epsA-slrR","epsA-slrR"
"87","no mutations","no mutations","neither"
"88","no clade marker","no clade marker","neither"
"89","epsA-slrR clade","epsA-slrR","epsA-slrR"
"9","epsA-slrR clade","epsA-slrR","epsA-slrR"
"92","sinR 2,552,905","sinR","sinR"
"93","sinR 2,552,873","sinR","sinR"
"94","epsA-slrR clade","epsA-slrR","epsA-slrR"
"95","sinR 2,552,905","sinR","sinR"
"96","no mutations","no mutations","neither"
